,Unnamed: 0, Rank,Sales,Profits,Assets,Market Value
0,,1,151.4,42.0,3473.2,229.8
1,,2,134.2,35.0,3016.6,200.5
2,,3,222.9,24.1,620.9,409.9
3,,4,102.5,24.2,2513.0,306.6
4,,5,97.6,21.9,1943.4,274.4
5,,6,115.7,27.8,2816.0,149.2
6,,7,92.2,16.6,2196.8,231.9
7,,8,113.1,24.9,2611.5,141.3
8,,9,217.5,45.2,331.1,752.0
9,,10,249.9,17.1,412.5,171.9
10,,11,163.8,13.0,403.8,249.3
11,,12,84.0,14.7,1795.1,164.3
12,,13,197.5,7.8,330.3,343.2
13,,14,119.7,10.0,365.2,261.2
14,,15,174.0,19.3,217.1,254.3
15,,16,106.6,9.5,801.0,100.8
16,,17,485.3,13.6,198.8,221.1
17,,18,126.0,13.1,244.2,198.4
18,,19,85.3,16.8,224.6,507.5
19,,20,234.8,4.7,411.3,228.8
20,,21,115.7,7.6,935.9,83.7
21,,22,106.8,16.4,218.9,225.3
22,,23,74.7,8.4,2190.7,80.5
23,,24,89.9,19.5,167.5,579.5
24,,25,255.7,7.0,216.7,105.1
25,,26,128.1,6.2,231.0,128.1
26,,27,132.2,6.2,925.9,60.8
27,,28,169.5,9.4,256.3,76.1
28,,29,240.3,5.7,458.7,72.9
29,,30,49.2,8.2,2589.8,83.9
30,,31,80.4,8.7,180.5,193.5
31,,32,71.9,16.4,141.2,338.6
32,,33,48.3,6.9,1412.4,89.4
33,,34,53.0,10.1,1209.2,62.2
34,,35,90.8,8.7,129.8,229.5
35,,36,184.9,7.2,125.0,160.2
36,,37,105.0,7.4,180.3,92.2
37,,38,61.3,6.7,419.9,79.2
38,,39,82.1,8.3,213.2,78.6
39,,40,91.4,12.1,265.4,51.8
40,,41,166.4,9.4,221.7,50.8
41,,42,44.5,9.4,855.1,66.4
42,,43,79.9,11.9,117.5,162.4
43,,44,35.3,8.3,891.1,107.2
44,,45,123.7,3.1,2522.1,55.1
45,,46,65.2,9.5,117.0,228.1
46,,47,52.8,7.1,171.6,203.1
47,,48,62.1,2.5,2375.0,162.6
48,,49,36.9,7.4,860.2,90.6
49,,50,88.4,6.4,133.1,109.8
50,,51,104.2,7.6,210.3,57.7
51,,52,82.8,2.9,388.7,98.1
52,,53,53.6,5.1,891.3,57.9
53,,54,59.4,10.3,113.3,170.4
54,,55,48.0,6.0,1189.4,55.2
55,,56,43.0,8.1,415.6,63.9
56,,57,31.9,6.9,910.4,92.0
57,,58,48.6,9.8,126.2,165.1
58,,59,30.9,7.1,703.6,109.9
59,,60,37.9,6.0,816.0,78.3
60,,61,48.5,6.7,130.4,193.2
61,,62,70.2,4.3,362.4,53.5
62,,63,44.3,8.1,872.1,45.1
63,,64,151.8,4.6,238.0,44.7
64,,65,40.1,8.0,842.8,50.5
65,,66,177.5,5.3,94.5,79.8
66,,67,54.9,9.0,91.6,178.0
67,,68,96.9,2.6,569.0,53.7
68,,69,56.3,4.3,784.0,45.6
69,,70,37.4,8.9,125.4,182.2
70,,71,140.8,4.9,201.4,43.2
71,,72,49.1,5.6,933.6,41.4
72,,73,94.6,4.9,90.0,108.8
73,,74,127.9,3.9,161.8,51.4
74,,75,40.2,7.2,848.7,43.7
75,,76,27.8,5.5,642.7,86.1
76,,77,80.9,3.0,156.6,80.0
77,,78,39.7,6.3,853.5,43.1
78,,79,51.3,9.7,75.6,219.3
79,,80,38.0,3.4,920.0,60.0
80,,81,26.7,5.5,680.3,70.5
81,,82,74.9,2.7,193.2,62.4
82,,83,136.0,2.4,86.0,427.0
83,,84,62.8,6.3,74.1,159.4
84,,85,30.5,5.2,1648.8,48.1
85,,86,41.5,6.5,87.3,182.9
86,,87,57.4,5.0,89.7,90.6
87,,88,37.4,5.2,110.4,116.1
88,,89,51.8,5.0,90.1,94.4
89,,90,29.0,6.0,1752.3,44.4
90,,91,67.3,3.2,364.3,40.0
91,,92,26.5,4.2,701.0,68.8
92,,93,63.7,4.5,83.9,91.0
93,,94,116.1,4.2,72.5,89.0
94,,95,105.9,4.5,157.3,38.4
95,,96,22.0,5.9,451.0,86.6
96,,97,34.0,5.4,158.9,70.1
97,,98,135.2,4.6,80.4,54.4
98,,99,75.9,2.8,164.1,47.5
99,,100,39.6,3.9,95.4,173.3
100,,101,24.2,4.3,595.3,65.0
101,,102,214.8,1.2,344.9,204.5
102,,103,58.3,5.7,59.5,143.9
103,,104,80.7,4.7,148.1,34.2
104,,105,27.3,3.8,771.9,49.6
105,,106,41.8,4.3,97.9,71.2
106,,107,29.0,3.5,153.2,101.6
107,,108,112.7,4.8,85.0,43.5
108,,109,31.9,4.1,159.8,64.0
109,,110,57.6,2.6,130.4,55.9
110,,111,26.5,4.2,183.0,77.1
111,,112,28.0,4.0,1457.9,39.9
112,,113,48.1,4.3,79.5,77.0
113,,114,94.6,8.0,43.0,176.7
114,,115,23.4,2.8,1010.5,55.9
115,,116,29.4,4.0,97.6,110.0
116,,117,26.5,3.6,120.5,110.4
117,,118,35.4,4.8,84.5,80.7
118,,119,27.6,9.5,65.0,407.3
119,,120,68.8,2.9,286.9,30.5
120,,121,24.8,3.4,764.8,45.3
121,,122,29.2,2.4,1499.0,45.4
122,,123,33.9,4.7,89.3,72.9
123,,124,34.0,2.4,119.5,98.3
124,,125,33.5,4.3,130.7,47.4
125,,126,45.6,1.2,261.1,213.1
126,,127,29.4,10.4,58.5,161.7
127,,128,27.9,3.7,357.0,40.3
128,,129,74.6,3.1,83.2,44.6
129,,130,43.6,3.6,207.6,32.1
130,,131,22.7,7.7,77.6,120.3
131,,132,57.3,2.3,430.6,29.0
132,,133,19.7,3.8,531.1,48.6
133,,134,30.3,13.5,57.0,87.0
134,,135,64.1,2.5,115.3,38.8
135,,136,39.3,4.7,54.1,94.6
136,,137,38.9,2.2,511.3,34.4
137,,138,51.9,6.1,147.2,25.5
138,,139,90.5,2.3,553.0,23.7
139,,140,21.5,5.7,70.7,264.9
140,,141,43.2,5.1,52.3,68.3
141,,142,53.0,2.7,93.9,40.4
142,,143,25.6,5.9,66.1,104.5
143,,144,44.6,2.8,189.5,30.6
144,,145,32.3,3.0,112.5,46.4
145,,146,78.8,2.5,297.1,23.3
146,,147,16.1,3.9,369.4,57.9
147,,148,22.8,6.2,57.0,277.1
148,,149,15.0,15.0,129.0,80.1
149,,150,26.1,4.6,578.5,26.8
150,,151,18.6,3.5,1607.7,36.5
151,,152,49.9,3.8,47.8,78.3
152,,153,29.3,3.9,66.0,76.2
153,,154,22.7,2.7,132.8,57.6
154,,155,85.2,2.5,65.1,44.0
155,,156,27.1,3.8,99.1,45.4
156,,157,15.1,4.2,649.6,45.4
157,,158,100.5,3.4,51.7,39.9
158,,159,60.5,3.4,40.4,91.3
159,,160,63.2,2.3,69.1,45.1
160,,161,26.5,3.4,82.3,54.1
161,,162,42.6,2.8,72.9,43.6
162,,163,15.6,3.5,333.5,48.8
163,,164,56.7,3.8,107.7,24.6
164,,165,95.4,1.9,108.6,29.6
165,,166,73.7,1.1,126.2,59.5
166,,167,93.2,2.1,109.3,26.5
167,,168,33.7,3.1,119.5,30.5
168,,169,37.1,2.5,71.5,47.6
169,,170,23.8,4.9,52.4,83.2
170,,171,48.8,3.2,76.7,30.4
171,,172,19.9,6.3,49.1,123.8
172,,173,16.0,6.0,63.4,206.4
173,,174,40.3,1.8,144.0,33.5
174,,175,64.7,0.8,905.2,57.2
175,,176,23.0,3.7,62.5,75.2
176,,177,19.3,14.2,45.9,138.8
177,,178,24.4,4.0,46.7,119.7
178,,179,121.2,2.4,35.6,74.9
179,,180,27.7,3.0,101.7,33.6
180,,181,26.7,6.9,36.9,176.2
181,,182,19.9,4.2,56.8,86.8
182,,183,39.6,4.4,58.9,33.0
183,,184,19.9,2.5,109.7,49.3
184,,185,65.0,3.1,34.4,71.1
185,,186,21.9,2.9,81.7,48.0
186,,187,105.5,1.7,571.2,18.2
187,,188,196.5,2.0,57.9,30.5
188,,189,43.7,2.0,68.3,42.7
189,,190,48.7,2.6,63.4,32.4
190,,191,55.7,1.7,438.8,19.9
191,,192,28.1,3.1,49.2,57.5
192,,193,14.6,3.6,393.7,34.5
193,,194,57.6,1.9,46.8,52.3
194,,195,37.6,1.2,73.0,99.8
195,,196,63.4,2.9,40.6,41.0
196,,197,30.1,5.1,32.9,113.5
197,,198,28.6,3.4,37.6,107.5
198,,199,22.7,2.7,129.8,29.2
199,,200,36.3,1.9,110.4,29.6
200,,201,85.8,1.8,82.7,25.6
201,,202,24.9,1.6,159.8,35.4
202,,203,31.7,3.1,54.0,38.5
203,,204,15.2,2.9,90.0,60.4
204,,205,11.2,3.2,220.2,62.6
205,,206,44.9,3.1,39.4,42.7
206,,207,47.8,2.0,178.3,19.2
207,,208,74.3,0.949,511.1,25.9
208,,209,39.7,1.9,60.3,39.0
209,,210,71.2,1.5,51.7,39.9
210,,211,75.7,2.3,46.8,29.4
211,,212,26.1,1.6,64.0,69.3
212,,213,25.9,1.6,61.5,67.4
213,,214,64.6,2.1,129.7,17.5
214,,215,24.6,4.7,31.0,106.4
215,,216,56.8,1.8,75.1,25.1
216,,217,26.5,2.3,66.1,34.2
217,,218,44.0,2.4,72.0,22.4
218,,219,19.7,3.9,40.7,66.4
219,,220,24.6,2.5,40.0,69.2
220,,221,21.2,2.7,38.8,94.1
221,,222,66.6,1.9,52.7,26.2
222,,223,13.4,5.0,80.1,43.6
223,,224,122.8,2.0,110.1,15.5
224,,225,27.3,1.8,68.5,35.4
225,,226,11.7,3.4,197.6,37.7
226,,227,69.5,2.7,37.4,29.4
227,,228,32.2,1.8,49.0,43.9
228,,229,19.9,2.6,45.3,59.7
229,,230,11.7,2.9,494.2,31.9
230,,231,31.4,3.0,32.9,57.0
231,,232,12.5,6.1,51.1,90.6
232,,233,41.1,2.2,43.6,33.6
233,,234,19.4,4.5,33.7,88.0
234,,235,34.2,1.7,48.7,42.6
235,,236,33.8,2.0,39.7,49.9
236,,237,32.2,1.1,114.9,33.3
237,,238,29.0,1.5,252.2,19.8
238,,239,19.9,1.9,188.7,21.9
239,,240,38.4,1.9,68.4,23.8
240,,241,115.3,1.9,37.5,27.3
241,,242,20.9,1.4,55.0,75.7
242,,243,41.5,2.9,33.8,32.6
243,,244,43.7,0.667,493.3,36.5
244,,245,10.3,3.1,333.5,34.4
245,,246,19.9,2.2,57.7,37.2
246,,247,40.2,2.7,51.3,21.1
247,,248,11.3,2.4,221.2,35.6
248,,249,33.8,4.1,23.2,91.2
249,,250,27.3,1.9,44.1,41.9
250,,251,18.3,2.0,45.9,59.9
251,,252,24.3,1.9,46.4,42.0
252,,253,24.1,1.8,219.1,18.2
253,,254,20.1,2.0,46.5,45.0
254,,255,15.9,3.0,340.9,17.6
255,,256,22.8,2.4,95.5,19.8
256,,257,13.4,2.7,306.3,21.5
257,,258,11.4,2.0,110.3,57.4
258,,259,11.3,2.7,290.3,27.6
259,,260,26.7,1.5,56.3,34.8
260,,261,15.2,3.2,37.4,71.2
261,,262,16.1,3.4,51.0,32.6
262,,263,20.0,1.7,68.7,31.2
263,,264,54.1,1.7,37.3,30.0
264,,265,14.2,2.4,327.6,20.0
265,,266,31.3,1.4,44.1,41.6
266,,267,15.1,2.3,90.2,26.9
267,,268,43.2,1.5,46.2,28.0
268,,269,36.6,2.3,45.4,22.3
269,,270,16.5,3.0,38.7,43.9
270,,271,48.7,2.5,28.2,29.4
271,,272,35.7,3.8,20.1,77.8
272,,273,23.0,1.7,85.1,20.3
273,,274,10.6,2.1,242.7,30.1
274,,275,35.3,1.5,44.7,28.6
275,,276,25.7,3.5,21.2,112.1
276,,277,53.9,0.894,49.2,37.0
277,,278,39.1,1.9,34.1,29.9
278,,279,30.7,2.4,31.9,31.7
279,,280,17.7,1.4,70.9,34.0
280,,281,127.2,1.4,35.0,26.0
281,,282,18.6,4.1,30.2,40.7
282,,283,11.4,2.1,71.6,48.7
283,,284,14.8,1.5,369.1,21.2
284,,285,24.1,2.2,30.1,44.9
285,,286,20.7,2.3,30.0,52.0
286,,287,56.0,1.2,44.4,26.4
287,,288,16.6,1.8,41.1,49.1
288,,289,59.8,1.9,48.2,16.9
289,,290,41.2,1.7,39.5,24.9
290,,291,62.4,1.3,39.8,25.6
291,,292,30.7,1.2,428.1,13.8
292,,293,14.6,1.5,556.7,19.1
293,,294,13.5,3.0,203.2,16.6
294,,295,39.2,0.896,42.5,46.5
295,,296,16.4,2.3,37.4,40.5
296,,297,24.5,2.2,28.0,41.7
297,,298,29.2,3.8,23.4,35.8
298,,299,45.8,1.1,66.0,19.2
299,,300,21.0,2.0,74.3,18.1
300,,301,8.6,2.5,283.7,28.8
301,,302,13.5,1.8,312.0,17.9
302,,303,7.6,1.9,223.4,53.3
303,,304,45.3,0.552,101.5,40.4
304,,305,13.9,7.8,60.9,18.5
305,,306,29.4,1.7,91.1,14.4
306,,307,25.6,1.5,49.7,21.7
307,,308,19.4,1.9,42.7,27.4
308,,309,10.9,2.1,236.3,20.7
309,,310,11.9,1.6,138.9,25.1
310,,311,22.4,2.0,68.3,16.6
311,,312,33.0,2.6,34.5,18.9
312,,313,8.7,2.2,308.2,25.6
313,,314,27.1,1.6,34.1,28.9
314,,315,148.3,1.3,33.9,19.0
315,,316,23.0,1.7,42.1,23.0
316,,317,30.1,1.4,33.3,29.0
317,,318,10.5,2.4,92.8,25.3
318,,319,18.2,2.1,32.8,32.2
319,,320,14.3,2.3,33.4,42.7
320,,321,11.0,1.2,367.0,25.7
321,,322,19.7,1.9,30.4,33.4
322,,323,15.4,1.5,196.5,16.1
323,,324,38.2,1.1,67.7,16.8
324,,325,8.9,1.9,204.9,27.2
325,,326,32.8,1.2,99.6,14.3
326,,327,13.4,2.3,169.0,14.7
327,,328,21.5,1.6,50.1,19.8
328,,329,14.5,2.5,55.1,19.8
329,,330,55.0,0.918,38.3,26.0
330,,331,11.9,2.8,33.0,45.2
331,,332,8.2,2.2,235.4,25.6
332,,333,29.8,2.8,22.7,27.3
333,,334,12.1,1.7,40.0,45.9
334,,335,23.9,2.2,24.5,31.5
335,,336,18.7,1.3,39.0,31.3
336,,337,45.4,2.4,42.1,12.6
337,,338,18.1,0.896,225.2,17.9
338,,339,20.4,2.2,24.8,33.6
339,,340,52.2,0.463,73.6,47.3
340,,341,12.5,1.3,228.0,18.0
341,,342,108.3,12.3,3288.0,2.8
342,,343,11.7,1.3,139.8,19.9
343,,344,10.6,1.5,147.8,21.2
344,,345,87.1,0.825,51.5,16.6
345,,346,11.0,2.0,28.1,97.7
346,,347,32.4,0.764,194.4,14.6
347,,348,15.9,1.2,35.5,36.9
348,,349,14.8,2.5,26.7,32.0
349,,350,13.8,2.3,27.1,37.3
350,,351,36.9,1.9,22.3,24.2
351,,352,34.6,0.862,71.2,16.5
352,,353,13.3,2.5,22.3,64.1
353,,354,11.1,1.7,36.0,43.8
354,,355,69.8,7.8,2023.4,1.5
355,,356,13.4,1.2,263.5,14.8
356,,357,12.9,0.704,80.3,48.1
357,,358,35.4,0.856,311.2,10.8
358,,359,183.8,0.115,263.3,114.7
359,,360,110.5,-0.497,260.1,206.1
360,,361,23.1,1.8,26.7,21.6
361,,362,9.0,2.5,51.2,26.2
362,,363,72.1,0.66,85.3,14.7
363,,364,15.3,2.1,27.2,27.7
364,,365,24.0,1.2,29.1,25.6
365,,366,9.7,1.6,230.0,16.6
366,,367,11.9,1.3,51.3,26.1
367,,368,28.3,1.6,58.5,11.3
368,,369,22.0,0.751,100.5,17.6
369,,370,21.7,2.9,14.0,84.6
370,,371,36.6,2.3,27.1,14.8
371,,372,10.5,3.7,22.9,58.0
372,,373,9.1,2.7,28.0,55.9
373,,374,8.1,1.6,64.9,36.7
374,,375,16.6,5.6,13.8,88.2
375,,376,6.3,2.3,237.1,25.1
376,,377,17.4,3.9,14.5,74.5
377,,378,14.5,1.9,21.4,50.9
378,,379,10.8,4.1,18.7,121.3
379,,380,20.9,1.1,26.5,33.1
380,,381,10.8,1.4,33.1,51.7
381,,382,23.5,1.0,34.3,22.8
382,,383,6.4,1.9,289.2,25.9
383,,384,14.9,1.2,46.7,21.1
384,,385,7.7,1.2,288.5,23.8
385,,386,8.3,2.0,74.5,24.2
386,,387,13.4,3.4,16.4,80.5
387,,388,41.4,0.984,37.0,16.1
388,,389,31.9,1.2,29.6,19.1
389,,390,10.6,1.7,26.2,59.9
390,,391,12.1,1.2,48.3,23.8
391,,392,7.6,1.6,164.1,20.7
392,,393,15.1,1.4,28.2,29.1
393,,394,7.6,1.6,86.0,27.9
394,,395,16.2,0.613,66.2,33.1
395,,396,28.3,1.4,25.9,19.9
396,,397,19.5,0.699,206.2,14.9
397,,398,32.4,0.806,54.3,15.4
398,,399,81.1,-4.3,247.3,61.3
399,,400,9.9,1.7,34.9,36.0
400,,401,33.2,2.3,12.9,49.1
401,,402,7.3,3.9,40.7,32.2
402,,403,52.4,-0.849,498.3,60.1
403,,404,10.2,1.3,47.8,27.5
404,,405,25.0,2.2,28.9,13.7
405,,406,37.2,1.1,27.8,18.7
406,,407,9.0,7.3,23.8,36.6
407,,408,12.2,1.6,38.7,21.5
408,,409,22.1,0.769,208.1,11.7
409,,410,36.4,2.0,22.6,15.3
410,,411,6.5,2.8,45.3,42.3
411,,412,15.6,1.3,177.5,10.3
412,,413,9.2,1.5,548.2,12.8
413,,414,15.7,1.6,21.7,33.2
414,,415,34.7,1.0,158.2,8.9
415,,416,10.7,2.1,19.8,87.0
416,,417,152.6,0.483,193.0,11.9
417,,418,153.7,-0.453,124.6,57.3
418,,419,60.8,-9.3,175.7,67.0
419,,420,16.9,1.3,44.5,14.4
420,,421,8.6,1.5,142.9,15.9
421,,422,19.5,0.936,197.0,10.2
422,,423,8.4,1.7,86.3,18.2
423,,424,53.1,1.0,17.6,28.0
424,,425,21.1,0.904,33.3,20.8
425,,426,12.0,1.4,34.1,24.2
426,,427,18.2,2.2,14.6,46.7
427,,428,6.1,2.5,117.7,20.6
428,,429,9.2,1.4,220.8,13.5
429,,430,26.8,0.667,40.0,21.4
430,,431,61.6,-1.6,135.9,58.2
431,,432,13.3,0.561,107.4,26.6
432,,433,9.4,3.7,27.9,24.9
433,,434,18.5,1.4,20.6,28.4
434,,435,31.8,1.4,38.1,11.1
435,,436,12.4,1.3,24.3,39.2
436,,437,34.1,1.4,27.0,13.5
437,,438,54.4,0.594,25.8,30.4
438,,439,17.2,1.5,17.5,38.3
439,,440,41.6,0.477,54.6,20.2
440,,441,44.3,-1.9,1686.6,34.0
441,,442,20.0,1.1,38.6,14.8
442,,443,9.7,1.4,33.5,31.4
443,,444,11.6,1.4,26.6,31.4
444,,445,6.0,1.4,82.0,36.2
445,,446,11.3,1.6,20.4,48.8
446,,447,21.7,1.1,28.6,18.1
447,,448,11.1,1.5,70.0,13.1
448,,449,69.2,-0.393,151.7,40.4
449,,450,24.2,1.5,45.6,10.0
450,,451,11.4,1.7,20.5,44.6
451,,452,11.1,1.1,41.2,22.5
452,,453,6.7,1.6,142.2,18.8
453,,454,35.1,0.81,36.8,14.5
454,,455,73.7,-0.459,167.9,34.8
455,,456,14.5,1.3,27.5,21.1
456,,457,7.8,2.1,67.1,16.7
457,,458,13.2,1.8,18.2,37.8
458,,459,13.2,1.3,24.2,29.5
459,,460,41.7,1.2,27.1,12.5
460,,461,45.7,-2.9,104.5,56.2
461,,462,50.0,0.439,30.0,37.8
462,,463,7.8,1.3,80.4,18.8
463,,464,16.8,0.782,40.4,18.5
464,,465,13.6,2.0,15.2,45.5
465,,466,16.9,2.3,14.0,33.6
466,,467,17.1,0.78,24.1,34.9
467,,468,21.3,1.1,16.0,39.6
468,,469,10.2,1.6,26.6,26.8
469,,470,11.2,1.1,27.9,31.4
470,,471,13.7,0.913,25.5,33.7
471,,472,15.2,2.4,12.1,64.9
472,,473,11.5,1.1,22.6,44.3
473,,474,11.3,1.5,21.0,36.2
474,,475,23.3,0.858,67.4,10.5
475,,476,36.6,0.688,203.8,8.6
476,,477,31.7,1.1,27.7,13.2
477,,478,57.0,-0.164,129.1,34.7
478,,479,10.3,0.869,46.3,25.4
479,,480,7.5,1.9,38.3,25.4
480,,481,13.6,1.2,21.3,32.3
481,,482,14.7,0.689,32.4,31.6
482,,483,15.7,0.814,29.8,24.5
483,,484,36.6,0.501,437.4,10.0
484,,485,21.9,0.337,92.9,32.4
485,,486,27.8,1.4,13.7,31.1
486,,487,20.2,0.328,66.1,51.7
487,,488,16.1,1.1,46.5,12.3
488,,489,12.8,1.2,19.5,40.9
489,,490,10.9,1.7,30.9,17.4
490,,491,29.9,-2.8,806.7,30.1
491,,492,11.1,1.1,288.3,9.7
492,,493,6.9,1.8,39.8,26.5
493,,494,7.5,1.0,77.1,21.4
494,,495,27.8,-1.7,78.0,109.2
495,,496,24.4,-13.0,906.6,33.3
496,,497,5.7,1.3,123.4,23.5
497,,498,16.5,1.0,23.9,20.6
498,,499,11.8,2.1,15.2,42.0
499,,500,21.6,-7.1,986.9,35.0
500,,501,14.7,1.4,25.9,16.3
501,,502,12.5,2.1,17.6,26.0
502,,503,38.5,-0.67,74.7,56.0
503,,504,8.6,1.4,36.1,20.8
504,,505,13.0,1.2,18.3,36.3
505,,506,22.7,2.2,10.9,39.9
506,,507,15.5,1.1,23.2,20.1
507,,508,11.0,0.866,150.2,11.8
508,,509,15.7,0.939,23.0,24.3
509,,510,6.3,1.2,80.7,22.9
510,,511,36.3,0.831,35.2,11.2
511,,512,6.7,1.7,410.7,11.7
512,,513,14.7,0.702,34.8,21.4
513,,514,35.0,2.0,37.8,7.4
514,,515,4.5,2.2,90.5,27.6
515,,516,11.8,1.6,21.1,22.5
516,,517,35.7,1.1,13.8,25.9
517,,518,13.0,0.654,76.6,15.9
518,,519,23.8,-3.6,89.8,61.3
519,,520,10.2,4.9,15.5,28.6
520,,521,10.5,1.5,19.3,33.9
521,,522,12.9,1.1,26.5,19.9
522,,523,9.2,1.7,88.1,10.2
523,,524,41.3,0.102,88.9,33.8
524,,525,11.7,1.3,304.8,7.9
525,,526,14.7,1.2,22.9,18.5
526,,527,11.7,1.8,118.0,7.9
527,,528,12.1,1.9,15.9,28.0
528,,529,22.0,0.96,91.8,54.8
529,,530,5.4,1.8,31.1,53.0
530,,531,7.5,1.7,19.7,56.8
531,,532,17.1,0.847,22.9,20.6
532,,533,17.5,1.4,15.0,25.1
533,,534,8.1,1.5,195.0,9.8
534,,535,19.4,-0.247,646.7,30.2
535,,536,50.2,1.0,105.5,6.1
536,,537,13.5,1.6,14.3,35.6
537,,538,12.7,1.4,23.3,18.0
538,,539,11.8,0.993,27.6,19.8
539,,540,8.8,0.887,40.1,22.6
540,,541,11.0,1.6,17.8,27.4
541,,542,8.0,3.8,15.8,39.0
542,,543,19.1,1.1,20.1,17.4
543,,544,16.6,0.703,128.6,9.2
544,,545,39.2,0.115,100.0,26.2
545,,546,5.8,1.2,126.7,17.4
546,,547,13.5,1.5,17.4,21.4
547,,548,17.5,0.626,47.0,13.4
548,,549,7.8,1.3,153.4,10.5
549,,550,18.4,2.0,26.6,9.4
550,,551,5.8,1.0,150.6,17.6
551,,552,8.0,1.2,48.2,15.1
552,,553,9.3,1.6,16.5,40.9
553,,554,17.2,0.74,55.5,10.4
554,,555,19.0,1.2,14.8,24.4
555,,556,25.2,0.497,228.7,9.0
556,,557,10.1,1.1,163.7,9.1
557,,558,35.5,-2.0,62.6,35.0
558,,559,15.6,0.513,40.4,19.7
559,,560,6.2,1.1,179.6,14.3
560,,561,25.6,0.905,24.6,12.5
561,,562,11.6,0.342,67.0,51.3
562,,563,15.7,1.1,17.4,21.4
563,,564,4.8,1.5,50.2,32.1
564,,565,63.5,0.429,64.3,10.7
565,,566,10.7,0.868,32.0,18.5
566,,567,23.5,1.1,25.1,10.4
567,,568,11.1,0.931,63.6,10.6
568,,569,39.4,1.2,14.2,14.9
569,,570,12.1,1.4,13.2,42.9
570,,571,5.8,1.3,33.2,33.3
571,,572,10.3,0.777,70.1,12.6
572,,573,5.5,1.8,122.0,12.5
573,,574,17.8,1.1,17.0,17.7
574,,575,11.6,0.84,42.3,13.3
575,,576,5.2,1.0,123.9,19.8
576,,577,3.6,1.5,69.4,40.1
577,,578,11.0,0.852,22.7,25.1
578,,579,20.6,-1.7,89.3,30.9
579,,580,5.8,0.956,30.9,52.2
580,,581,38.9,0.701,22.7,12.7
581,,582,12.7,0.901,20.8,21.3
582,,583,28.8,1.2,14.4,15.2
583,,584,13.3,0.527,33.8,22.3
584,,585,7.9,1.5,91.6,9.2
585,,586,8.2,2.5,16.5,24.9
586,,587,6.0,1.2,41.5,21.1
587,,588,78.4,0.232,61.8,19.2
588,,589,9.5,1.1,28.9,16.1
589,,590,20.7,0.896,16.0,18.3
590,,591,6.4,1.0,61.9,16.2
591,,592,15.6,-1.9,49.6,87.6
592,,593,9.5,0.909,257.2,8.2
593,,594,4.9,1.5,59.2,20.3
594,,595,7.3,1.5,18.6,33.4
595,,596,8.5,1.3,22.3,20.9
596,,597,9.1,1.5,16.0,29.4
597,,598,10.1,2.1,11.9,34.9
598,,599,15.3,0.759,20.9,18.4
599,,600,5.4,0.791,137.3,18.9
600,,601,22.1,-0.457,48.8,38.5
601,,602,17.0,1.0,20.1,13.1
602,,603,7.1,1.2,54.2,12.1
603,,604,12.0,1.6,15.1,19.1
604,,605,18.6,0.836,20.7,14.2
605,,606,8.2,1.1,22.8,23.7
606,,607,59.8,-9.3,70.4,16.9
607,,608,61.9,-3.7,118.2,13.5
608,,609,26.1,-0.749,49.2,30.3
609,,610,17.4,0.983,52.4,7.2
610,,611,44.3,0.732,46.4,7.0
611,,612,22.0,1.3,11.9,19.1
612,,613,7.8,0.786,224.1,10.0
613,,614,7.6,0.942,32.1,18.8
614,,615,21.6,0.582,64.4,8.6
615,,616,33.9,0.452,40.8,11.0
616,,617,18.7,1.1,19.4,11.3
617,,618,4.9,1.3,81.3,16.1
618,,619,14.8,0.694,30.2,12.9
619,,620,13.7,0.751,29.1,13.1
620,,621,9.0,0.948,41.1,12.3
621,,622,10.4,1.4,13.9,28.4
622,,623,7.5,0.94,31.3,19.0
623,,624,72.0,-0.65,58.0,16.6
624,,625,7.6,0.977,36.0,15.5
625,,626,14.1,0.827,22.1,14.9
626,,627,3.3,2.8,45.9,22.9
627,,628,17.2,0.77,28.8,10.4
628,,629,44.0,0.362,36.9,13.5
629,,630,20.7,0.888,19.2,12.4
630,,631,17.0,0.522,20.6,23.6
631,,632,4.5,1.3,84.7,17.4
632,,633,6.1,1.2,125.6,10.3
633,,634,18.3,1.0,15.2,15.4
634,,635,15.7,0.821,17.0,17.8
635,,636,2.4,2.7,43.0,23.6
636,,637,16.7,1.2,12.3,20.2
637,,638,42.7,0.743,19.2,10.6
638,,639,13.9,1.0,17.4,15.7
639,,640,11.1,0.48,34.7,21.2
640,,641,22.5,0.707,15.8,17.5
641,,642,5.4,1.1,79.5,13.4
642,,643,9.6,0.923,20.7,19.5
643,,644,9.9,1.4,16.9,17.9
644,,645,13.4,1.2,11.5,27.3
645,,646,7.1,1.2,16.6,37.8
646,,647,5.0,2.5,15.8,71.5
647,,648,13.7,0.651,18.2,21.6
648,,649,9.3,0.568,26.0,26.3
649,,650,75.5,0.057,76.1,12.4
650,,651,40.6,0.558,20.2,12.2
651,,652,14.2,1.6,13.3,15.2
652,,653,8.7,1.5,13.3,30.4
653,,654,4.9,2.0,29.3,20.5
654,,655,5.9,0.994,18.2,75.4
655,,656,11.4,0.965,15.6,20.2
656,,657,16.2,0.731,15.2,19.4
657,,658,12.7,3.5,45.6,4.7
658,,659,39.0,-0.576,23.1,45.7
659,,660,4.0,1.4,114.5,16.1
660,,661,13.3,0.742,24.5,12.8
661,,662,14.7,0.88,18.7,13.0
662,,663,15.9,0.295,513.1,11.0
663,,664,8.2,1.9,19.0,14.3
664,,665,8.5,1.5,16.1,18.5
665,,666,13.4,0.687,25.5,12.9
666,,667,8.2,1.4,32.4,10.1
667,,668,10.3,0.644,21.1,22.9
668,,669,8.6,0.649,25.3,22.3
669,,670,13.7,0.776,29.7,9.9
670,,671,6.0,0.86,108.3,10.9
671,,672,4.8,0.915,75.1,17.0
672,,673,8.7,1.6,17.9,14.6
673,,674,21.5,1.0,13.6,12.8
674,,675,13.0,0.694,15.1,25.4
675,,676,16.1,0.778,11.2,29.0
676,,677,16.4,0.639,12.4,31.8
677,,678,11.4,1.1,11.2,30.8
678,,679,4.0,1.5,100.9,14.6
679,,680,20.2,1.3,13.3,11.2
680,,681,17.5,0.955,24.3,8.3
681,,682,29.5,0.837,22.0,8.1
682,,683,6.8,0.986,19.2,26.1
683,,684,41.1,0.344,17.1,25.7
684,,685,8.5,1.1,19.4,16.4
685,,686,8.2,0.666,24.9,21.1
686,,687,6.5,1.7,16.2,23.6
687,,688,10.6,0.944,12.8,28.1
688,,689,36.2,0.415,28.3,10.9
689,,690,42.6,0.608,27.2,7.7
690,,691,22.8,0.782,20.6,9.4
691,,692,6.6,0.911,17.5,37.3
692,,693,8.5,0.701,74.7,9.2
693,,694,16.1,0.841,19.4,10.4
694,,695,11.5,0.701,53.1,8.1
695,,696,24.6,0.734,20.4,9.4
696,,697,24.2,0.093,36.8,21.2
697,,698,48.2,-6.3,85.4,10.3
698,,699,6.0,1.0,28.3,17.6
699,,700,9.6,0.176,65.7,40.6
700,,701,6.1,1.3,13.0,64.4
701,,702,9.8,0.544,27.9,17.0
702,,703,7.7,0.769,27.1,15.5
703,,704,3.2,0.799,172.8,17.9
704,,705,5.2,0.948,176.0,9.9
705,,706,4.1,1.2,51.8,18.4
706,,707,13.8,0.962,15.4,12.9
707,,708,36.0,-0.007,48.9,13.4
708,,709,9.4,0.613,20.6,21.3
709,,710,26.0,0.2,31.6,21.4
710,,711,17.4,0.957,15.1,10.8
711,,712,8.3,1.3,15.8,16.9
712,,713,11.6,0.42,40.3,14.0
713,,714,3.9,2.5,34.3,16.8
714,,715,15.5,0.337,24.0,24.4
715,,716,15.9,-5.8,27.0,43.1
716,,717,15.1,0.456,15.8,27.3
717,,718,5.1,1.1,41.4,14.2
718,,719,3.7,0.962,200.6,13.2
719,,720,7.1,1.2,13.9,26.5
720,,721,27.0,0.348,40.0,10.2
721,,722,10.1,-0.574,43.1,48.2
722,,723,33.7,0.69,25.8,7.1
723,,724,6.7,0.939,65.4,8.9
724,,725,11.9,1.1,6.8,29.2
725,,726,6.9,1.6,9.8,59.1
726,,727,8.9,0.964,17.5,15.1
727,,728,12.1,1.2,9.7,22.5
728,,729,11.0,1.6,5.5,22.7
729,,730,17.0,0.718,18.1,10.6
730,,731,2.5,1.2,30.3,28.4
731,,732,15.2,1.3,16.5,8.9
732,,733,10.6,1.2,20.9,9.4
733,,734,10.1,0.614,19.6,17.9
734,,735,12.9,1.1,5.5,24.7
735,,736,25.3,-0.373,47.8,13.5
736,,737,25.8,0.619,21.2,8.9
737,,738,10.4,0.441,58.4,10.6
738,,739,11.2,0.88,11.7,21.5
739,,740,11.9,0.88,87.9,5.4
740,,741,2.0,1.4,87.9,11.5
741,,742,7.8,0.998,212.7,6.0
742,,743,40.6,0.424,128.2,2.2
743,,744,7.9,0.899,13.9,25.7
744,,745,4.8,0.683,37.4,25.1
745,,746,16.8,0.977,38.1,5.1
746,,747,14.6,0.667,44.2,6.8
747,,748,10.6,1.7,15.1,10.2
748,,749,9.8,0.696,24.9,11.4
749,,750,33.4,0.645,42.1,5.6
750,,751,5.3,0.88,32.9,16.0
751,,752,3.7,0.944,57.8,16.9
752,,753,10.1,0.941,10.9,25.9
753,,754,7.0,0.785,26.6,13.6
754,,755,11.4,1.6,13.1,11.1
755,,756,18.2,0.658,34.9,6.8
756,,757,15.9,-0.408,29.0,24.5
757,,758,3.2,0.931,79.2,14.0
758,,759,20.2,-5.4,31.6,18.2
759,,760,11.9,1.3,13.9,10.6
760,,761,4.5,1.0,46.7,12.7
761,,762,10.9,0.972,14.7,12.7
762,,763,8.9,1.9,6.0,20.9
763,,764,71.0,-0.14,34.8,10.6
764,,765,8.1,1.3,11.8,19.4
765,,766,11.7,0.348,26.2,18.7
766,,767,6.7,1.0,17.9,16.6
767,,768,11.3,0.891,15.4,11.9
768,,769,11.9,0.416,24.7,14.9
769,,770,8.5,-3.1,45.6,34.9
770,,771,1.9,2.2,24.6,17.6
771,,772,10.8,1.3,8.9,19.9
772,,773,13.6,0.578,17.0,13.0
773,,774,11.3,1.1,10.5,17.5
774,,775,8.5,0.993,25.8,8.8
775,,776,14.9,-4.0,37.3,18.2
776,,777,2.4,1.3,61.7,11.3
777,,778,13.6,1.1,34.2,3.3
778,,779,14.8,0.95,12.5,11.1
779,,780,8.3,0.638,38.4,9.5
780,,781,25.1,0.799,10.7,11.8
781,,782,6.5,1.2,15.8,16.8
782,,783,7.9,-0.154,44.9,37.1
783,,784,7.3,1.5,11.5,19.6
784,,785,3.8,0.712,99.7,14.3
785,,786,1.3,0.743,31.9,30.9
786,,787,9.3,0.667,18.3,14.1
787,,788,0.001,1.5,30.0,16.1
788,,789,9.7,1.1,8.4,23.7
789,,790,15.9,0.627,16.3,10.5
790,,791,1.3,2.4,18.1,23.0
791,,792,10.7,0.697,15.4,14.3
792,,793,21.5,0.624,10.7,15.5
793,,794,27.5,0.876,24.2,2.2
794,,795,7.9,0.42,30.3,17.4
795,,796,4.3,0.714,28.9,26.2
796,,797,6.0,1.5,7.8,51.6
797,,798,19.6,0.613,25.3,7.1
798,,799,21.3,-0.446,33.9,13.6
799,,800,17.6,0.48,24.3,8.8
800,,801,4.3,1.4,26.2,14.6
801,,802,8.9,2.5,21.0,6.8
802,,803,15.8,0.525,31.1,7.3
803,,804,4.3,0.902,82.2,10.1
804,,805,64.5,0.222,30.8,10.1
805,,806,6.4,1.3,8.1,43.9
806,,807,28.5,0.752,13.7,8.5
807,,808,12.6,0.935,11.7,12.4
808,,809,13.3,0.559,26.8,8.3
809,,810,3.2,0.814,39.6,18.3
810,,811,47.7,0.066,31.3,10.2
811,,812,16.8,0.729,6.2,16.9
812,,813,14.4,-6.2,43.1,13.9
813,,814,16.0,0.809,7.5,15.6
814,,815,5.7,2.1,8.7,33.6
815,,816,5.3,1.2,115.6,6.5
816,,817,47.2,-3.8,47.7,8.3
817,,818,2.3,1.3,22.7,20.4
818,,819,29.4,0.273,36.1,9.4
819,,820,5.7,1.7,8.4,36.8
820,,821,9.6,0.722,14.2,14.7
821,,822,13.0,0.64,14.1,12.8
822,,823,4.8,1.2,13.0,39.6
823,,824,7.3,0.65,17.3,17.8
824,,825,14.4,0.706,26.8,6.7
825,,826,8.9,0.866,15.5,11.7
826,,827,8.6,1.0,7.4,23.2
827,,828,12.6,1.2,8.2,13.5
828,,829,2.4,0.665,73.4,14.2
829,,830,14.1,1.0,11.6,9.9
830,,831,7.5,-1.1,29.5,56.2
831,,832,8.5,0.748,13.6,16.7
832,,833,8.6,0.926,16.1,10.7
833,,834,3.1,1.1,70.3,9.8
834,,835,5.8,1.2,5.8,50.3
835,,836,1.2,1.8,21.8,16.0
836,,837,3.4,0.846,28.8,20.3
837,,838,5.8,0.655,48.8,9.5
838,,839,8.9,0.55,17.0,15.5
839,,840,9.8,0.761,15.2,11.9
840,,841,7.5,-0.424,47.9,25.1
841,,842,7.2,0.953,11.8,19.2
842,,843,6.4,0.649,55.7,8.2
843,,844,9.5,0.2,24.9,36.2
844,,845,4.2,0.627,41.4,17.0
845,,846,4.1,0.805,86.7,9.8
846,,847,4.1,0.866,24.8,20.9
847,,848,8.4,0.347,18.1,33.7
848,,849,6.8,0.513,118.0,7.3
849,,850,9.7,-0.256,101.4,11.4
850,,851,5.6,1.2,13.5,19.0
851,,852,9.1,0.497,21.0,12.8
852,,853,4.3,0.797,129.9,8.4
853,,854,14.9,0.511,21.8,8.5
854,,855,9.1,0.543,78.9,6.3
855,,856,7.2,0.35,39.5,15.2
856,,857,6.1,0.653,24.7,13.2
857,,858,3.8,2.0,16.8,19.1
858,,859,11.3,0.757,14.0,10.7
859,,860,8.4,0.777,10.5,22.6
860,,861,5.9,1.0,130.3,5.2
861,,862,4.1,1.3,16.4,24.3
862,,863,2.5,0.696,103.0,10.6
863,,864,4.7,1.0,16.8,20.2
864,,865,15.0,0.465,18.2,10.1
865,,866,9.0,0.93,10.2,17.0
866,,867,8.9,0.602,24.9,9.1
867,,868,2.7,0.774,35.4,16.1
868,,869,18.4,0.365,96.0,2.9
869,,870,27.7,0.469,18.2,7.9
870,,871,6.4,0.999,11.5,21.1
871,,872,2.8,0.812,35.0,15.1
872,,873,4.1,1.2,77.6,7.9
873,,874,10.8,-0.564,45.9,13.7
874,,875,4.7,1.2,14.5,22.0
875,,876,7.4,0.67,15.8,15.1
876,,877,24.5,0.603,21.3,6.2
877,,878,15.0,0.813,12.9,9.0
878,,879,18.6,0.975,9.9,9.2
879,,880,13.4,0.915,13.7,8.4
880,,881,16.1,0.875,15.7,6.9
881,,882,9.5,0.643,11.5,18.5
882,,883,4.2,1.0,20.8,18.0
883,,884,35.9,0.6,13.8,7.5
884,,885,3.2,0.919,27.8,15.9
885,,886,16.7,0.767,17.3,6.7
886,,887,7.7,0.3,26.7,24.1
887,,888,10.5,-3.3,25.9,22.3
888,,889,9.5,0.89,6.4,18.1
889,,890,3.3,0.629,94.7,11.1
890,,891,8.6,0.629,6.4,34.4
891,,892,9.8,0.776,8.2,19.8
892,,893,2.0,1.0,17.9,25.4
893,,894,15.3,0.573,15.6,9.0
894,,895,48.9,0.108,31.6,8.2
895,,896,74.4,-3.6,63.2,6.1
896,,897,22.3,0.106,19.7,14.8
897,,898,5.2,-0.214,48.1,44.4
898,,899,10.5,0.71,11.9,12.9
899,,900,8.3,0.584,24.6,9.2
900,,901,3.8,0.729,68.4,10.5
901,,902,7.1,0.432,25.5,14.0
902,,903,5.0,1.0,41.6,7.6
903,,904,15.3,0.687,8.9,13.3
904,,905,5.2,0.498,36.7,13.6
905,,906,7.3,0.832,10.1,22.5
906,,907,1.5,1.3,25.7,12.4
907,,908,22.9,0.65,10.0,10.3
908,,909,17.0,0.668,12.0,9.3
909,,910,5.7,0.568,31.7,10.9
910,,911,7.9,0.948,22.1,7.3
911,,912,4.8,0.829,25.7,12.3
912,,913,8.8,0.718,13.8,12.1
913,,914,12.9,0.03,107.7,8.0
914,,915,6.0,1.1,15.8,11.4
915,,916,10.7,0.491,16.4,11.8
916,,917,7.7,0.583,12.9,19.3
917,,918,5.3,1.0,108.6,5.3
918,,919,2.6,0.907,20.8,19.2
919,,920,5.8,0.986,21.3,9.5
920,,921,4.4,0.685,116.4,7.9
921,,922,9.1,0.781,37.7,5.6
922,,923,2.2,1.0,49.6,8.8
923,,924,4.4,0.853,44.8,9.1
924,,925,9.1,0.852,5.7,16.4
925,,926,7.5,0.729,59.4,4.3
926,,927,7.5,0.784,8.0,24.1
927,,928,18.5,-1.7,15.2,20.5
928,,929,8.4,0.18,17.6,59.7
929,,930,21.4,0.059,27.4,9.9
930,,931,0.37,2.0,148.7,2.7
931,,932,7.0,0.731,71.0,3.5
932,,933,8.1,1.0,32.6,5.4
933,,934,7.0,-0.675,22.7,49.3
934,,935,10.3,0.573,18.2,9.0
935,,936,12.9,1.0,7.9,10.0
936,,937,6.4,0.551,21.6,12.6
937,,938,9.6,0.608,10.5,17.2
938,,939,8.2,-0.204,28.6,20.4
939,,940,16.2,0.656,6.0,11.2
940,,941,10.3,-0.526,43.4,11.2
941,,942,1.1,1.4,18.8,14.0
942,,943,3.7,1.3,10.4,48.3
943,,944,2.2,0.936,54.2,8.4
944,,945,3.7,0.946,15.1,26.0
945,,946,6.8,0.81,8.5,23.8
946,,947,7.7,0.602,23.4,8.6
947,,948,3.9,0.862,31.7,11.4
948,,949,14.5,0.767,14.0,7.2
949,,950,2.7,0.952,21.2,15.0
950,,951,7.0,0.688,69.0,3.7
951,,952,9.8,-2.7,19.0,26.1
952,,953,22.5,-0.653,42.9,7.3
953,,954,10.6,-0.583,26.3,15.4
954,,955,15.3,0.151,92.6,6.7
955,,956,7.4,0.072,5.5,22.7
956,,957,7.5,0.432,22.3,12.0
957,,958,6.3,1.1,6.4,18.7
958,,959,2.6,0.891,58.0,8.3
959,,960,18.8,0.501,14.7,7.9
960,,961,8.8,-0.036,26.3,18.4
961,,962,8.0,1.2,14.6,7.9
962,,963,27.9,0.475,22.5,5.6
963,,964,14.4,0.138,22.9,12.8
964,,965,1.3,1.8,17.7,12.0
965,,966,2.6,1.4,10.1,38.8
966,,967,1.4,1.5,137.5,4.5
967,,968,2.9,0.473,73.2,12.0
968,,969,10.7,-0.428,216.9,7.0
969,,970,4.3,0.693,29.4,11.5
970,,971,13.5,0.749,6.0,10.4
971,,972,5.5,0.93,9.7,24.9
972,,973,3.4,0.551,23.2,23.0
973,,974,13.2,0.572,10.8,11.1
974,,975,9.4,0.511,30.2,6.8
975,,976,5.6,0.44,25.9,13.6
976,,977,8.2,0.65,14.6,10.4
977,,978,7.6,-0.025,37.5,14.9
978,,979,10.9,0.127,45.3,9.5
979,,980,8.8,0.302,34.8,10.3
980,,981,22.2,0.448,7.4,12.5
981,,982,4.1,0.589,85.3,8.6
982,,983,4.6,1.3,7.7,27.4
983,,984,6.2,0.872,8.2,20.9
984,,985,12.3,0.473,9.8,16.0
985,,986,6.3,0.823,8.5,21.5
986,,987,4.9,0.88,7.0,40.4
987,,988,2.6,0.776,77.5,7.6
988,,989,11.8,0.437,17.0,9.2
989,,990,9.8,0.702,10.3,11.9
990,,991,8.5,0.735,11.5,11.1
991,,992,10.8,0.524,17.0,8.4
992,,993,5.3,0.922,59.4,5.7
993,,994,13.0,0.424,11.7,13.3
994,,995,18.1,0.481,11.9,9.1
995,,996,8.8,0.187,13.6,61.6
996,,997,8.1,0.835,8.6,14.1
997,,998,15.5,0.676,7.6,9.6
998,,999,6.9,0.719,19.8,8.2
999,,1000,6.4,0.847,9.8,17.7
1000,,1001,5.5,0.591,20.8,11.6
1001,,1002,12.4,0.451,36.5,4.1
1002,,1003,0.166,0.827,16.7,18.9
1003,,1004,3.3,0.416,98.8,11.2
1004,,1005,7.3,0.668,11.6,13.7
1005,,1006,14.2,-1.9,26.6,9.9
1006,,1007,40.7,-2.5,46.0,0.292
1007,,1008,6.3,0.502,15.7,14.9
1008,,1009,7.6,0.907,10.2,11.6
1009,,1010,3.1,0.547,54.0,10.1
1010,,1011,18.0,0.421,16.3,7.4
1011,,1012,21.4,-2.0,43.1,6.5
1012,,1013,2.3,0.843,47.6,7.8
1013,,1014,4.5,1.1,5.5,28.9
1014,,1015,5.0,0.682,121.1,4.3
1015,,1016,6.0,0.747,14.1,11.6
1016,,1017,6.5,0.797,7.6,18.1
1017,,1018,2.6,0.549,46.8,10.2
1018,,1019,18.7,0.555,13.6,6.8
1019,,1020,10.1,-0.178,19.6,16.6
1020,,1021,10.1,0.601,5.7,13.5
1021,,1022,5.9,1.6,6.7,12.3
1022,,1023,4.6,1.1,9.1,24.9
1023,,1024,13.9,0.366,24.1,7.0
1024,,1025,23.8,0.523,14.2,6.3
1025,,1026,6.4,0.492,29.8,8.1
1026,,1027,9.9,0.726,11.0,9.5
1027,,1028,3.9,0.727,114.0,6.7
1028,,1029,20.2,0.364,17.3,7.3
1029,,1030,8.0,0.767,9.7,12.7
1030,,1031,6.7,0.45,21.2,10.6
1031,,1032,2.0,0.552,49.5,9.6
1032,,1033,3.6,0.726,12.5,32.8
1033,,1034,10.8,0.512,13.0,9.5
1034,,1035,6.9,0.407,30.0,8.9
1035,,1036,10.9,0.513,8.6,13.8
1036,,1037,10.7,0.603,14.4,7.7
1037,,1038,12.8,0.45,11.7,10.4
1038,,1039,5.9,0.758,7.1,20.0
1039,,1040,11.6,0.507,6.7,13.3
1040,,1041,11.4,0.531,7.6,12.7
1041,,1042,4.9,0.793,4.4,30.3
1042,,1043,16.8,0.33,18.5,7.7
1043,,1044,2.2,0.205,697.9,14.0
1044,,1045,4.9,0.913,8.3,21.8
1045,,1046,12.4,-0.941,20.0,11.6
1046,,1047,4.9,0.821,7.6,25.8
1047,,1048,9.5,0.382,54.5,5.4
1048,,1049,8.5,0.692,11.1,10.0
1049,,1050,13.8,0.581,11.3,8.0
1050,,1051,6.1,0.457,24.1,9.4
1051,,1052,3.9,0.357,22.7,34.1
1052,,1053,15.1,-0.329,20.4,9.9
1053,,1054,3.3,0.665,25.8,11.2
1054,,1055,13.0,0.907,9.3,7.5
1055,,1056,7.7,-0.027,21.0,18.2
1056,,1057,13.7,-1.1,36.1,7.3
1057,,1058,8.9,0.352,16.1,11.9
1058,,1059,3.1,0.661,25.9,10.9
1059,,1060,13.1,0.513,3.7,10.7
1060,,1061,7.5,0.641,10.1,13.4
1061,,1062,7.6,0.492,44.2,4.3
1062,,1063,8.8,0.269,15.8,18.9
1063,,1064,2.6,0.511,18.9,20.7
1064,,1065,7.2,0.803,18.7,6.6
1065,,1066,4.1,0.675,19.1,13.1
1066,,1067,3.6,0.914,10.2,29.2
1067,,1068,1.6,2.3,34.6,2.6
1068,,1069,7.5,0.399,15.5,12.6
1069,,1070,11.6,0.695,16.8,4.8
1070,,1071,3.7,0.718,38.6,7.9
1071,,1072,3.8,0.659,14.3,21.2
1072,,1073,5.4,0.762,11.4,13.5
1073,,1074,14.5,0.595,11.3,7.3
1074,,1075,7.8,0.609,12.5,9.5
1075,,1076,6.9,0.115,21.2,18.7
1076,,1077,16.1,-0.444,25.7,7.5
1077,,1078,2.2,0.542,70.9,7.6
1078,,1079,7.9,0.497,7.6,17.2
1079,,1080,10.9,0.459,14.9,8.0
1080,,1081,1.8,0.538,78.8,7.3
1081,,1082,25.5,0.134,34.7,5.7
1082,,1083,10.4,0.321,51.8,3.1
1083,,1084,4.3,0.938,10.2,19.1
1084,,1085,4.8,0.539,68.2,6.3
1085,,1086,4.3,0.945,37.3,6.3
1086,,1087,11.9,0.477,15.1,7.1
1087,,1088,4.9,0.559,18.9,10.8
1088,,1089,15.8,0.445,6.4,9.9
1089,,1090,1.0,0.379,346.8,7.8
1090,,1091,4.0,0.55,23.2,12.5
1091,,1092,13.4,0.316,11.9,11.8
1092,,1093,4.7,2.0,7.7,11.4
1093,,1094,15.3,0.157,49.0,3.7
1094,,1095,8.4,0.532,5.7,13.2
1095,,1096,19.8,0.315,25.1,5.5
1096,,1097,7.4,0.7,7.7,11.7
1097,,1098,10.9,0.149,98.0,2.8
1098,,1099,4.4,0.658,29.8,7.7
1099,,1100,1.4,0.758,19.3,10.8
1100,,1101,7.3,0.649,19.1,6.6
1101,,1102,5.9,0.655,4.6,17.1
1102,,1103,3.5,1.1,9.4,20.9
1103,,1104,7.2,0.565,29.7,5.2
1104,,1105,16.5,0.312,21.3,6.4
1105,,1106,3.4,1.0,8.9,23.5
1106,,1107,5.3,0.757,5.2,17.1
1107,,1108,2.5,0.455,63.4,8.4
1108,,1109,7.2,-2.4,21.1,14.7
1109,,1110,23.8,0.294,12.8,8.8
1110,,1111,6.1,0.477,21.3,8.4
1111,,1112,15.0,0.308,21.0,6.8
1112,,1113,11.8,0.312,25.3,6.7
1113,,1114,19.3,0.359,20.3,4.6
1114,,1115,11.7,0.55,13.7,6.6
1115,,1116,4.2,1.2,6.4,16.9
1116,,1117,8.4,0.596,11.9,8.6
1117,,1118,14.5,0.198,13.1,12.8
1118,,1119,4.3,0.775,20.4,8.9
1119,,1120,6.8,0.59,7.8,14.2
1120,,1121,5.4,0.9,8.4,13.0
1121,,1122,4.5,0.829,7.7,18.9
1122,,1123,5.6,0.695,8.6,16.0
1123,,1124,8.8,-0.39,33.6,8.3
1124,,1125,2.5,0.627,15.8,14.9
1125,,1126,2.3,1.1,14.4,10.6
1126,,1127,1.5,0.623,56.9,6.6
1127,,1128,4.0,0.683,94.6,4.3
1128,,1129,9.9,-0.136,93.2,3.5
1129,,1130,3.8,0.734,77.6,3.4
1130,,1131,5.9,0.814,10.0,11.0
1131,,1132,9.2,-0.411,19.3,11.2
1132,,1133,5.3,-1.5,22.5,20.0
1133,,1134,6.6,0.583,7.3,13.9
1134,,1135,14.1,0.525,9.5,8.0
1135,,1136,10.9,0.353,29.8,2.4
1136,,1137,18.2,-0.581,33.1,3.6
1137,,1138,4.9,0.568,20.3,8.9
1138,,1139,21.7,0.407,11.6,6.8
1139,,1140,16.7,0.327,21.9,5.3
1140,,1141,6.1,0.551,5.3,16.4
1141,,1142,16.2,0.423,16.5,4.9
1142,,1143,13.2,0.349,16.4,7.0
1143,,1144,2.5,0.707,2.1,30.5
1144,,1145,7.9,-0.774,104.4,6.1
1145,,1146,9.6,0.505,11.4,8.5
1146,,1147,2.7,0.736,6.5,28.2
1147,,1148,8.8,-0.564,107.7,4.9
1148,,1149,13.2,0.417,16.3,6.3
1149,,1150,5.8,0.569,7.1,16.4
1150,,1151,4.9,0.634,13.4,11.6
1151,,1152,9.1,0.225,16.2,12.6
1152,,1153,6.9,0.56,8.6,12.8
1153,,1154,15.1,0.388,8.7,9.6
1154,,1155,3.0,0.503,46.2,7.4
1155,,1156,14.0,0.424,6.9,9.2
1156,,1157,10.8,0.153,26.8,7.4
1157,,1158,3.0,1.0,4.6,17.6
1158,,1159,5.8,0.572,5.0,15.4
1159,,1160,4.4,0.797,5.6,18.1
1160,,1161,1.6,0.383,44.8,9.5
1161,,1162,8.4,-0.273,104.7,2.0
1162,,1163,4.8,0.637,5.6,19.7
1163,,1164,7.8,0.664,3.8,9.5
1164,,1165,12.1,0.498,15.8,3.8
1165,,1166,1.4,0.084,54.7,14.3
1166,,1167,3.0,0.713,4.2,26.0
1167,,1168,6.8,0.509,10.1,12.5
1168,,1169,6.7,0.408,16.8,9.3
1169,,1170,0.881,0.669,20.5,9.4
1170,,1171,3.3,0.898,4.1,18.8
1171,,1172,2.3,0.7,17.6,10.0
1172,,1173,8.8,0.378,29.7,3.5
1173,,1174,10.1,0.567,8.2,8.5
1174,,1175,15.2,0.031,22.0,6.8
1175,,1176,9.6,0.458,8.3,10.5
1176,,1177,4.2,0.548,18.4,10.7
1177,,1178,3.1,0.8,7.3,20.9
1178,,1179,5.3,0.738,7.7,12.9
1179,,1180,4.3,0.699,7.1,19.6
1180,,1181,6.4,0.418,41.7,4.5
1181,,1182,3.3,0.485,42.4,7.5
1182,,1183,3.3,0.468,18.5,13.8
1183,,1184,6.0,0.559,8.5,13.9
1184,,1185,5.8,0.566,12.0,10.4
1185,,1186,4.9,0.633,13.0,11.0
1186,,1187,6.0,0.692,9.9,10.7
1187,,1188,4.8,-6.1,28.6,15.2
1188,,1189,0.755,0.568,25.1,8.8
1189,,1190,2.6,0.879,5.3,18.6
1190,,1191,4.5,0.603,10.7,16.8
1191,,1192,1.8,0.349,30.6,12.2
1192,,1193,17.9,-2.0,13.3,9.0
1193,,1194,9.0,-1.5,19.7,9.6
1194,,1195,11.8,0.636,12.5,5.3
1195,,1196,4.3,0.869,7.7,15.0
1196,,1197,5.7,0.522,11.5,11.4
1197,,1198,1.3,0.812,9.7,18.4
1198,,1199,6.8,0.529,7.5,12.4
1199,,1200,2.2,0.761,45.3,5.3
1200,,1201,11.7,0.276,12.8,10.4
1201,,1202,18.7,0.144,24.3,5.8
1202,,1203,15.6,-0.477,18.1,7.2
1203,,1204,19.6,-0.192,24.7,1.7
1204,,1205,4.2,0.594,18.7,9.3
1205,,1206,30.3,0.12,12.6,7.7
1206,,1207,4.7,0.654,6.4,16.6
1207,,1208,0.031,0.917,9.6,15.7
1208,,1209,1.9,0.493,119.9,5.2
1209,,1210,1.9,0.454,25.6,9.9
1210,,1211,4.7,0.801,7.3,13.4
1211,,1212,4.6,0.601,10.8,14.6
1212,,1213,2.0,1.9,10.5,9.3
1213,,1214,8.2,0.549,11.1,8.0
1214,,1215,15.7,0.144,16.9,7.3
1215,,1216,20.8,0.392,13.3,5.7
1216,,1217,2.3,1.4,13.4,8.1
1217,,1218,13.1,-0.774,30.4,5.9
1218,,1219,3.1,0.852,5.5,17.4
1219,,1220,2.5,0.749,26.1,6.8
1220,,1221,1.9,0.492,49.1,6.6
1221,,1222,3.5,0.646,5.3,24.0
1222,,1223,1.5,0.705,3.0,20.6
1223,,1224,6.8,0.502,3.7,12.0
1224,,1225,7.0,2.5,2.6,2.5
1225,,1226,20.6,0.192,22.4,4.4
1226,,1227,4.0,0.781,11.0,13.3
1227,,1228,14.2,0.021,28.8,1.9
1228,,1229,1.1,0.555,38.4,6.6
1229,,1230,7.5,-0.398,85.1,2.8
1230,,1231,7.2,0.298,16.8,10.1
1231,,1232,3.0,0.517,79.0,4.6
1232,,1233,13.8,-0.136,15.9,7.9
1233,,1234,3.7,0.869,32.2,5.7
1234,,1235,3.0,0.394,13.3,26.0
1235,,1236,14.4,0.32,10.4,9.0
1236,,1237,2.5,0.603,52.7,3.4
1237,,1238,19.7,0.444,7.6,6.6
1238,,1239,2.5,0.386,25.0,11.0
1239,,1240,0.393,0.417,224.4,0.373
1240,,1241,7.4,0.485,5.1,10.7
1241,,1242,3.9,0.549,21.4,9.0
1242,,1243,6.4,0.579,8.6,10.4
1243,,1244,15.8,0.339,7.9,8.7
1244,,1245,9.3,0.76,23.3,7.5
1245,,1246,11.1,0.661,11.3,2.7
1246,,1247,3.3,0.864,5.1,15.1
1247,,1248,9.7,-2.4,43.5,3.3
1248,,1249,0.644,2.4,8.4,9.1
1249,,1250,7.0,-0.948,93.1,2.3
1250,,1251,1.7,0.725,5.2,18.0
1251,,1252,2.0,0.427,103.7,5.9
1252,,1253,18.4,-1.7,21.9,1.0
1253,,1254,7.1,0.573,6.9,9.4
1254,,1255,7.1,0.651,16.2,5.3
1255,,1256,9.8,0.517,8.1,7.8
1256,,1257,11.6,0.399,7.8,8.8
1257,,1258,16.3,-1.0,22.8,3.6
1258,,1259,5.4,-0.011,21.9,12.7
1259,,1260,4.4,0.518,20.6,7.9
1260,,1261,1.8,0.554,53.6,5.7
1261,,1262,4.5,0.335,17.3,14.2
1262,,1263,7.1,0.258,75.9,1.8
1263,,1264,13.9,0.317,18.1,3.1
1264,,1265,7.0,0.495,4.7,10.3
1265,,1266,5.5,0.367,42.2,5.9
1266,,1267,6.5,0.406,6.1,14.5
1267,,1268,2.9,-0.223,20.8,25.1
1268,,1269,2.3,0.46,83.2,4.8
1269,,1270,7.6,0.294,41.1,3.4
1270,,1271,13.0,0.292,14.4,7.2
1271,,1272,4.4,-0.861,64.2,8.8
1272,,1273,2.3,0.349,21.2,13.1
1273,,1274,5.9,-3.6,161.8,15.0
1274,,1275,12.2,0.685,6.8,5.8
1275,,1276,2.7,0.529,53.7,2.7
1276,,1277,4.1,-2.1,31.1,13.8
1277,,1278,1.3,0.432,34.8,7.4
1278,,1279,4.7,0.554,4.4,15.1
1279,,1280,13.3,0.341,10.0,8.3
1280,,1281,10.7,-1.5,17.2,7.9
1281,,1282,8.5,0.465,9.5,8.9
1282,,1283,8.3,0.344,11.0,10.2
1283,,1284,7.6,0.598,10.2,7.4
1284,,1285,1.4,0.396,39.2,7.6
1285,,1286,8.6,0.272,10.7,13.8
1286,,1287,9.0,0.072,19.2,8.0
1287,,1288,21.6,0.431,10.3,4.1
1288,,1289,14.3,-0.147,23.7,1.6
1289,,1290,4.2,0.765,26.9,4.9
1290,,1291,1.8,0.437,79.0,5.8
1291,,1292,3.9,1.1,8.1,11.2
1292,,1293,8.9,0.458,8.3,8.6
1293,,1294,2.4,0.232,20.7,23.1
1294,,1295,4.9,0.551,4.3,14.1
1295,,1296,11.1,0.715,9.6,4.3
1296,,1297,0.668,0.9,13.0,8.7
1297,,1298,3.0,0.57,4.5,19.9
1298,,1299,28.2,0.296,13.5,3.7
1299,,1300,10.0,0.359,5.6,9.8
1300,,1301,5.4,0.545,7.2,11.8
1301,,1302,1.0,1.1,11.7,8.6
1302,,1303,6.5,0.256,80.0,2.6
1303,,1304,4.9,0.507,8.9,14.9
1304,,1305,15.0,0.356,10.7,6.8
1305,,1306,4.0,-0.557,16.5,32.2
1306,,1307,2.4,0.522,47.5,5.7
1307,,1308,1.1,0.866,20.6,6.3
1308,,1309,5.4,0.572,21.8,3.7
1309,,1310,17.1,0.341,13.2,4.8
1310,,1311,7.5,-0.101,8.3,21.5
1311,,1312,14.8,0.354,7.9,7.4
1312,,1313,3.0,0.895,2.1,11.8
1313,,1314,11.9,0.327,11.1,7.6
1314,,1315,10.1,0.258,11.4,10.9
1315,,1316,3.3,0.425,77.4,2.6
1316,,1317,1.2,0.387,21.9,10.1
1317,,1318,9.9,-1.5,30.0,2.8
1318,,1319,3.3,0.708,7.3,14.0
1319,,1320,5.6,1.1,6.2,7.0
1320,,1321,5.1,0.501,4.3,12.9
1321,,1322,3.4,0.495,7.3,22.2
1322,,1323,6.8,0.117,54.6,4.3
1323,,1324,17.7,-2.1,17.8,3.5
1324,,1325,9.7,-0.107,13.8,9.3
1325,,1326,5.0,0.551,5.1,12.0
1326,,1327,2.4,0.464,4.3,25.2
1327,,1328,14.0,0.317,15.4,4.9
1328,,1329,2.1,0.426,12.2,17.3
1329,,1330,15.1,0.02,16.7,6.2
1330,,1331,11.0,0.246,25.8,4.0
1331,,1332,7.6,0.52,5.4,8.1
1332,,1333,5.6,0.485,23.1,3.2
1333,,1334,5.0,0.601,9.7,10.6
1334,,1335,2.4,0.608,15.9,8.5
1335,,1336,2.1,0.705,11.1,10.7
1336,,1337,5.6,0.6,16.3,6.0
1337,,1338,15.5,-0.407,18.9,3.2
1338,,1339,5.6,0.612,9.8,8.9
1339,,1340,12.5,-0.74,14.7,7.3
1340,,1341,11.9,-0.74,22.9,5.7
1341,,1342,6.6,0.75,9.5,7.0
1342,,1343,4.2,0.507,7.9,17.0
1343,,1344,4.8,0.541,9.9,11.9
1344,,1345,8.3,0.472,9.7,7.7
1345,,1346,0.538,0.498,13.7,11.5
1346,,1347,7.3,0.407,12.8,7.5
1347,,1348,6.7,0.411,21.4,4.2
1348,,1349,3.5,0.635,8.3,14.7
1349,,1350,1.6,0.543,31.3,5.9
1350,,1351,1.8,0.842,22.3,5.4
1351,,1352,3.3,0.416,67.1,5.2
1352,,1353,1.5,0.568,4.8,16.4
1353,,1354,3.7,0.529,5.3,18.0
1354,,1355,8.0,0.651,11.4,3.8
1355,,1356,46.5,-0.012,12.4,1.8
1356,,1357,8.9,-0.376,30.2,2.4
1357,,1358,4.9,0.41,2.6,17.7
1358,,1359,8.3,0.496,9.6,7.4
1359,,1360,11.2,0.186,16.2,6.9
1360,,1361,0.786,0.363,77.3,5.9
1361,,1362,5.6,0.414,11.5,10.1
1362,,1363,15.0,0.328,5.6,7.3
1363,,1364,5.8,0.481,11.3,8.6
1364,,1365,5.2,0.199,14.9,15.8
1365,,1366,6.6,0.432,3.9,10.1
1366,,1367,5.2,0.444,8.7,13.1
1367,,1368,5.5,0.847,3.0,7.3
1368,,1369,5.0,0.483,6.8,12.5
1369,,1370,2.3,1.4,8.7,8.3
1370,,1371,2.3,0.614,4.8,14.1
1371,,1372,2.3,0.602,3.5,14.4
1372,,1373,5.7,0.502,4.7,9.9
1373,,1374,3.3,0.563,31.2,4.8
1374,,1375,3.7,0.543,4.1,16.4
1375,,1376,1.3,0.415,12.2,15.3
1376,,1377,9.3,0.22,8.6,13.3
1377,,1378,11.1,0.252,22.2,5.4
1378,,1379,15.8,0.287,6.6,7.8
1379,,1380,2.9,0.557,3.5,15.2
1380,,1381,23.5,0.306,11.3,4.0
1381,,1382,13.6,-1.5,18.8,3.7
1382,,1383,12.1,0.399,8.4,6.8
1383,,1384,1.7,0.407,58.5,5.3
1384,,1385,19.0,0.281,9.5,7.3
1385,,1386,2.5,0.107,25.9,12.7
1386,,1387,1.1,0.567,1.9,14.7
1387,,1388,2.4,0.525,33.4,3.9
1388,,1389,3.4,-0.998,21.4,15.1
1389,,1390,13.1,0.453,3.8,6.0
1390,,1391,4.0,0.446,44.3,2.8
1391,,1392,5.3,0.49,3.7,10.8
1392,,1393,10.3,0.417,4.8,7.1
1393,,1394,1.3,0.539,1.5,15.4
1394,,1395,7.3,0.405,5.9,9.3
1395,,1396,4.5,0.056,14.0,20.3
1396,,1397,5.9,0.467,19.1,5.2
1397,,1398,2.1,0.309,156.0,3.7
1398,,1399,8.7,0.018,6.3,13.4
1399,,1400,3.7,0.43,11.7,14.3
1400,,1401,6.8,0.437,2.8,9.1
1401,,1402,5.1,0.51,5.3,10.5
1402,,1403,29.2,0.221,12.6,4.5
1403,,1404,3.9,0.537,7.7,15.1
1404,,1405,2.0,1.1,6.9,8.7
1405,,1406,2.6,0.403,52.8,4.8
1406,,1407,6.7,-0.187,13.0,11.6
1407,,1408,5.0,0.795,5.9,7.9
1408,,1409,1.7,0.435,44.2,5.4
1409,,1410,6.1,0.431,2.8,10.1
1410,,1411,3.8,-0.267,21.1,14.6
1411,,1412,9.7,0.43,4.3,7.0
1412,,1413,1.8,0.665,12.6,8.6
1413,,1414,14.9,0.255,16.2,3.8
1414,,1415,3.5,0.442,16.0,9.4
1415,,1416,1.3,0.375,62.2,5.5
1416,,1417,7.1,0.4,5.7,9.4
1417,,1418,5.5,0.424,7.6,11.2
1418,,1419,2.0,0.589,4.6,13.2
1419,,1420,6.8,0.473,7.4,8.3
1420,,1421,5.5,0.207,61.8,1.6
1421,,1422,0.851,0.474,17.3,8.3
1422,,1423,9.4,0.348,8.4,8.3
1423,,1424,5.6,0.771,7.6,7.0
1424,,1425,8.6,0.434,9.0,7.3
1425,,1426,3.2,0.489,6.7,16.3
1426,,1427,1.9,0.095,17.1,18.2
1427,,1428,5.6,-1.5,17.5,9.9
1428,,1429,32.6,0.091,11.7,4.8
1429,,1430,2.2,0.485,1.8,16.3
1430,,1431,3.6,0.439,11.2,14.0
1431,,1432,1.0,0.708,13.3,7.6
1432,,1433,4.0,0.419,14.4,10.4
1433,,1434,4.6,-0.918,118.5,3.6
1434,,1435,3.5,0.578,3.1,12.8
1435,,1436,4.0,0.846,11.6,7.4
1436,,1437,7.8,0.382,6.4,8.5
1437,,1438,6.6,0.358,5.9,10.5
1438,,1439,3.6,0.124,12.6,31.1
1439,,1440,4.5,0.511,4.7,11.1
1440,,1441,19.7,0.201,13.5,1.4
1441,,1442,11.8,0.329,7.0,7.2
1442,,1443,6.9,0.383,6.9,9.4
1443,,1444,1.1,0.678,9.3,10.8
1444,,1445,3.3,0.481,11.2,11.9
1445,,1446,12.7,0.324,12.8,5.5
1446,,1447,4.1,0.448,19.2,7.3
1447,,1448,8.4,0.368,12.5,6.5
1448,,1449,6.6,0.389,18.4,4.6
1449,,1450,4.0,0.5,2.7,14.5
1450,,1451,13.2,0.436,6.6,4.7
1451,,1452,6.0,0.539,6.9,7.8
1452,,1453,20.1,0.343,8.9,3.8
1453,,1454,9.4,0.344,4.0,7.9
1454,,1455,3.4,0.556,15.7,7.4
1455,,1456,4.4,0.472,4.8,12.4
1456,,1457,1.3,0.364,51.1,4.1
1457,,1458,7.8,0.295,8.1,10.5
1458,,1459,1.4,0.35,23.0,8.1
1459,,1460,3.1,1.3,13.4,2.8
1460,,1461,3.4,0.536,6.4,13.0
1461,,1462,3.5,0.167,21.5,12.6
1462,,1463,1.1,0.316,13.2,16.3
1463,,1464,17.5,0.164,13.5,5.1
1464,,1465,4.1,0.598,4.4,10.8
1465,,1466,1.3,-0.61,23.7,11.3
1466,,1467,4.3,-3.9,156.0,3.6
1467,,1468,7.1,0.341,19.0,3.5
1468,,1469,6.2,0.936,2.9,2.6
1469,,1470,13.0,0.093,16.1,4.3
1470,,1471,10.1,-0.487,19.8,2.6
1471,,1472,2.0,0.371,47.5,4.2
1472,,1473,9.0,0.49,9.6,6.0
1473,,1474,1.8,0.449,33.3,3.4
1474,,1475,10.3,0.393,11.7,3.9
1475,,1476,1.1,0.405,41.1,4.1
1476,,1477,4.0,0.644,7.5,10.5
1477,,1478,5.1,0.252,60.4,2.9
1478,,1479,4.2,0.844,5.1,8.2
1479,,1480,5.7,0.482,5.8,8.6
1480,,1481,8.2,0.258,23.7,1.6
1481,,1482,10.8,-0.045,18.1,3.7
1482,,1483,1.4,0.354,48.9,3.9
1483,,1484,1.5,0.299,87.5,2.6
1484,,1485,1.9,0.33,59.9,3.9
1485,,1486,6.7,0.218,30.9,1.5
1486,,1487,3.2,0.496,7.9,13.4
1487,,1488,14.0,0.245,14.7,5.1
1488,,1489,3.4,0.674,6.4,10.0
1489,,1490,1.9,0.478,24.0,6.1
1490,,1491,2.2,0.522,4.7,12.6
1491,,1492,4.7,0.724,13.6,5.8
1492,,1493,3.4,0.516,20.0,6.4
1493,,1494,16.6,-1.5,11.3,6.3
1494,,1495,2.4,0.458,29.5,2.6
1495,,1496,1.7,0.279,104.9,2.0
1496,,1497,1.6,0.39,2.1,18.7
1497,,1498,3.8,0.512,7.1,12.5
1498,,1499,7.0,0.167,8.0,13.7
1499,,1500,2.4,0.745,4.9,9.1
1500,,1501,1.6,0.386,18.5,8.2
1501,,1502,5.3,0.389,5.7,10.8
1502,,1503,7.5,-2.0,25.2,0.952
1503,,1504,2.2,0.5,3.9,12.7
1504,,1505,6.4,0.336,6.9,10.1
1505,,1506,3.0,0.469,3.8,13.6
1506,,1507,1.4,0.459,28.1,2.8
1507,,1508,0.303,0.058,164.1,5.7
1508,,1509,7.8,0.602,6.1,4.4
1509,,1510,5.2,0.122,15.7,10.2
1510,,1511,9.7,-0.015,18.5,2.0
1511,,1512,0.652,0.376,40.0,4.4
1512,,1513,1.2,0.549,6.0,11.2
1513,,1514,8.1,-0.363,14.5,7.3
1514,,1515,10.8,-0.395,16.8,1.4
1515,,1516,5.8,0.445,5.8,8.6
1516,,1517,3.4,0.41,21.7,6.9
1517,,1518,13.3,0.383,9.0,4.3
1518,,1519,9.1,-0.492,19.2,1.3
1519,,1520,1.9,0.432,4.3,14.8
1520,,1521,10.1,0.248,5.7,9.3
1521,,1522,4.6,0.046,68.4,2.9
1522,,1523,1.8,0.449,9.6,13.4
1523,,1524,4.8,-0.548,56.6,2.4
1524,,1525,2.0,0.456,2.0,13.6
1525,,1526,4.4,0.57,6.0,9.1
1526,,1527,2.9,0.509,8.2,11.7
1527,,1528,3.6,0.475,4.7,12.7
1528,,1529,0.694,0.107,146.3,2.7
1529,,1530,1.3,0.371,38.5,4.4
1530,,1531,23.8,0.252,10.8,2.8
1531,,1532,2.0,0.375,37.8,5.5
1532,,1533,10.9,0.362,11.0,4.8
1533,,1534,3.3,0.457,10.0,12.1
1534,,1535,4.5,0.324,18.7,7.7
1535,,1536,0.819,0.347,43.5,1.6
1536,,1537,7.4,0.616,8.9,4.1
1537,,1538,7.9,-1.1,16.3,6.6
1538,,1539,5.3,0.679,3.0,6.8
1539,,1540,4.0,0.426,6.4,14.6
1540,,1541,2.1,-0.4,14.4,17.3
1541,,1542,3.6,0.395,8.8,16.4
1542,,1543,2.3,0.623,12.5,7.4
1543,,1544,5.7,0.164,35.1,2.4
1544,,1545,12.0,-0.139,13.9,5.9
1545,,1546,3.8,0.394,33.7,1.4
1546,,1547,1.3,0.282,76.4,2.6
1547,,1548,3.4,0.457,3.4,13.1
1548,,1549,1.1,0.401,27.9,6.0
1549,,1550,3.4,0.441,4.1,13.6
1550,,1551,9.9,0.425,9.9,5.7
1551,,1552,2.8,0.874,14.4,2.8
1552,,1553,1.4,0.881,14.2,4.8
1553,,1554,3.2,-1.9,123.8,4.3
1554,,1555,1.1,0.344,41.6,1.7
1555,,1556,36.3,0.173,3.5,2.8
1556,,1557,9.2,-0.449,17.2,5.8
1557,,1558,6.8,0.469,5.4,6.8
1558,,1559,4.6,0.359,9.1,13.1
1559,,1560,12.3,0.38,5.5,2.5
1560,,1561,1.9,0.262,102.2,5.1
1561,,1562,6.1,0.064,30.1,0.56
1562,,1563,4.9,0.206,48.3,4.1
1563,,1564,1.9,0.428,1.9,14.0
1564,,1565,19.8,-1.4,8.3,6.4
1565,,1566,5.4,0.609,5.1,6.9
1566,,1567,1.3,0.412,17.4,7.5
1567,,1568,1.4,2.5,2.7,1.6
1568,,1569,2.7,0.153,14.0,17.2
1569,,1570,2.2,0.309,51.4,4.2
1570,,1571,22.9,0.21,8.9,6.1
1571,,1572,2.9,0.492,7.5,11.5
1572,,1573,3.5,0.459,4.4,12.6
1573,,1574,14.4,0.305,10.5,4.8
1574,,1575,1.2,0.314,43.4,5.9
1575,,1576,5.7,0.752,8.0,5.9
1576,,1577,3.8,0.423,7.6,14.0
1577,,1578,2.2,0.99,12.9,0.504
1578,,1579,13.4,0.302,11.0,5.1
1579,,1580,4.5,0.511,6.5,9.1
1580,,1581,11.0,-2.3,15.1,4.5
1581,,1582,7.4,0.559,4.9,3.2
1582,,1583,5.1,0.397,10.9,8.7
1583,,1584,2.6,0.468,14.0,7.9
1584,,1585,20.1,0.244,10.6,3.2
1585,,1586,1.6,-1.5,12.5,19.1
1586,,1587,4.3,0.473,1.9,10.0
1587,,1588,3.2,0.352,11.2,13.0
1588,,1589,1.4,0.409,28.3,3.4
1589,,1590,1.3,0.276,68.2,2.3
1590,,1591,2.1,0.453,2.8,12.2
1591,,1592,8.7,0.163,17.8,2.3
1592,,1593,7.0,-0.404,13.9,7.7
1593,,1594,7.6,0.077,17.9,6.0
1594,,1595,2.2,0.444,5.0,12.3
1595,,1596,2.1,0.486,4.4,10.8
1596,,1597,0.666,0.415,9.7,12.8
1597,,1598,4.0,0.358,32.0,3.6
1598,,1599,3.4,-0.039,86.0,1.6
1599,,1600,26.9,0.127,5.4,2.5
1600,,1601,12.6,0.238,13.1,4.0
1601,,1602,4.0,0.446,5.1,11.6
1602,,1603,14.6,0.063,11.7,5.3
1603,,1604,1.8,0.397,23.5,6.2
1604,,1605,26.2,0.195,7.9,3.4
1605,,1606,3.1,0.252,82.8,2.4
1606,,1607,6.6,0.606,7.2,5.1
1607,,1608,5.2,0.037,35.7,3.9
1608,,1609,1.5,0.125,82.6,2.8
1609,,1610,4.7,0.495,6.0,8.5
1610,,1611,5.8,0.425,2.6,7.7
1611,,1612,3.3,0.382,14.0,9.0
1612,,1613,1.3,0.223,81.4,1.7
1613,,1614,5.0,0.408,5.1,9.5
1614,,1615,5.4,0.311,9.1,11.1
1615,,1616,3.7,0.546,4.7,9.5
1616,,1617,1.6,0.316,40.0,3.7
1617,,1618,2.1,0.434,24.0,3.6
1618,,1619,3.0,0.511,4.5,10.0
1619,,1620,1.5,0.28,40.9,6.1
1620,,1621,1.0,0.174,77.1,1.4
1621,,1622,5.3,0.461,9.1,7.7
1622,,1623,3.1,0.27,75.2,2.9
1623,,1624,2.6,1.7,4.5,0.363
1624,,1625,14.6,0.153,11.5,5.3
1625,,1626,4.0,0.512,18.5,5.7
1626,,1627,0.947,0.156,75.0,2.7
1627,,1628,1.8,0.252,74.0,2.7
1628,,1629,1.3,0.543,6.7,9.4
1629,,1630,1.2,0.219,73.3,2.7
1630,,1631,0.9,0.088,72.5,1.6
1631,,1632,14.0,0.225,11.5,3.8
1632,,1633,2.5,0.359,29.8,2.9
1633,,1634,2.7,0.304,41.7,3.0
1634,,1635,0.549,0.857,8.6,7.0
1635,,1636,7.5,0.195,4.1,9.7
1636,,1637,18.3,0.152,10.0,5.2
1637,,1638,22.1,-2.2,9.4,1.2
1638,,1639,4.3,0.576,5.8,8.0
1639,,1640,2.2,0.254,70.0,1.4
1640,,1641,4.2,0.887,8.9,6.5
1641,,1642,2.7,0.016,68.5,2.3
1642,,1643,4.2,0.382,24.0,3.5
1643,,1644,1.7,-0.112,2.9,28.8
1644,,1645,14.2,0.302,9.4,4.5
1645,,1646,1.1,0.104,1.6,28.6
1646,,1647,6.7,0.305,3.0,8.8
1647,,1648,1.2,0.505,18.4,5.2
1648,,1649,2.2,0.218,66.1,1.7
1649,,1650,1.0,0.421,8.9,11.6
1650,,1651,9.1,0.119,8.8,8.1
1651,,1652,0.942,0.552,16.7,3.8
1652,,1653,4.2,0.445,7.1,9.9
1653,,1654,1.9,0.395,11.5,9.6
1654,,1655,6.4,0.564,6.5,5.6
1655,,1656,5.8,0.64,4.9,2.6
1656,,1657,2.1,0.305,34.6,5.8
1657,,1658,1.7,0.261,15.9,10.8
1658,,1659,6.3,0.06,18.3,6.3
1659,,1660,2.3,0.378,2.3,12.9
1660,,1661,3.0,0.03,3.9,9.1
1661,,1662,14.2,0.241,6.2,6.3
1662,,1663,2.5,0.683,5.6,7.6
1663,,1664,4.3,-0.167,46.4,3.0
1664,,1665,0.987,0.194,59.6,2.1
1665,,1666,2.5,0.384,2.2,12.5
1666,,1667,9.1,0.39,5.6,5.0
1667,,1668,19.2,0.043,9.4,2.3
1668,,1669,2.1,0.083,58.3,2.1
1669,,1670,0.83,-0.039,0.289,25.7
1670,,1671,4.6,0.756,2.8,6.1
1671,,1672,6.0,0.596,8.3,5.1
1672,,1673,2.4,0.236,57.1,2.8
1673,,1674,6.4,0.543,6.6,4.7
1674,,1675,18.4,-0.618,6.7,4.1
1675,,1676,1.1,0.348,22.0,6.3
1676,,1677,5.5,0.409,5.1,7.6
1677,,1678,7.1,0.245,18.3,3.3
1678,,1679,2.9,0.501,4.9,9.2
1679,,1680,3.6,0.267,5.3,21.6
1680,,1681,1.0,0.103,54.7,1.2
1681,,1682,10.2,0.242,13.3,3.8
1682,,1683,3.3,0.275,44.2,2.6
1683,,1684,3.8,0.357,11.4,10.1
1684,,1685,7.1,0.477,5.0,3.1
1685,,1686,5.0,0.353,6.4,9.4
1686,,1687,11.0,-2.3,12.4,1.1
1687,,1688,11.1,0.324,4.4,3.7
1688,,1689,17.8,0.052,7.4,2.7
1689,,1690,0.771,0.554,4.5,8.4
1690,,1691,0.665,0.074,53.3,0.912
1691,,1692,5.5,0.084,24.8,1.4
1692,,1693,1.8,-0.453,15.5,10.9
1693,,1694,0.404,-0.515,1.7,24.4
1694,,1695,6.0,0.01,22.1,0.945
1695,,1696,9.0,-0.104,14.3,3.4
1696,,1697,1.5,0.257,52.1,3.3
1697,,1698,17.4,0.051,6.3,0.681
1698,,1699,2.2,0.597,14.8,5.0
1699,,1700,1.8,-0.281,51.9,3.1
1700,,1701,2.0,0.27,44.8,3.0
1701,,1702,4.5,0.242,12.0,11.9
1702,,1703,2.1,0.498,17.2,2.1
1703,,1704,12.1,0.295,9.7,5.3
1704,,1705,5.8,0.25,7.1,11.6
1705,,1706,6.6,0.092,19.3,3.8
1706,,1707,17.0,0.034,6.8,1.1
1707,,1708,4.5,0.053,34.8,1.0
1708,,1709,0.894,0.332,15.4,8.1
1709,,1710,1.3,0.22,51.1,2.2
1710,,1711,2.4,0.478,9.0,9.3
1711,,1712,7.9,0.003,9.8,8.0
1712,,1713,4.0,0.7,12.8,4.5
1713,,1714,0.83,0.14,50.8,1.2
1714,,1715,0.71,0.13,50.7,0.967
1715,,1716,16.8,0.223,7.7,3.6
1716,,1717,2.5,0.444,3.6,9.9
1717,,1718,3.2,-0.949,14.7,11.3
1718,,1719,2.8,0.473,13.7,6.7
1719,,1720,16.6,0.165,5.6,2.2
1720,,1721,1.3,0.52,15.9,2.3
1721,,1722,9.7,0.326,9.2,5.9
1722,,1723,2.2,0.439,19.3,5.2
1723,,1724,3.1,0.272,29.3,6.4
1724,,1725,0.731,0.25,48.9,0.853
1725,,1726,16.4,0.169,5.8,1.3
1726,,1727,1.9,1.2,10.0,0.24
1727,,1728,16.4,0.074,3.6,2.4
1728,,1729,0.914,0.119,48.5,1.2
1729,,1730,0.61,0.078,48.2,0.994
1730,,1731,0.656,0.105,48.0,1.3
1731,,1732,0.899,0.115,47.9,1.1
1732,,1733,16.0,0.103,4.5,0.996
1733,,1734,3.7,0.109,14.2,11.5
1734,,1735,5.4,0.258,13.0,8.4
1735,,1736,2.6,0.534,11.2,7.0
1736,,1737,15.9,0.171,7.6,2.3
1737,,1738,2.6,0.82,6.5,6.5
1738,,1739,1.3,0.034,47.4,5.1
1739,,1740,0.647,0.133,47.2,1.3
1740,,1741,15.9,-0.7,7.2,1.7
1741,,1742,3.8,0.131,47.1,4.5
1742,,1743,15.9,0.156,8.4,3.8
1743,,1744,4.7,0.508,9.0,7.1
1744,,1745,3.9,-0.232,46.7,0.985
1745,,1746,2.2,0.471,8.7,9.1
1746,,1747,8.4,0.3,3.6,6.8
1747,,1748,11.5,0.203,11.2,4.2
1748,,1749,0.934,0.161,46.5,1.6
1749,,1750,6.5,0.484,8.7,4.3
1750,,1751,3.3,0.198,11.2,15.4
1751,,1752,4.6,0.064,30.7,0.837
1752,,1753,6.2,0.272,12.5,7.1
1753,,1754,3.1,0.404,4.0,10.4
1754,,1755,7.5,0.088,15.6,1.3
1755,,1756,3.9,0.365,5.1,11.4
1756,,1757,7.2,0.429,7.3,4.9
1757,,1758,5.0,0.511,5.4,6.5
1758,,1759,3.8,0.47,5.3,9.0
1759,,1760,8.4,0.177,8.1,7.6
1760,,1761,8.6,0.363,4.3,3.2
1761,,1762,1.1,0.303,30.2,5.7
1762,,1763,6.8,0.103,17.2,3.3
1763,,1764,3.1,0.671,12.4,3.1
1764,,1765,2.5,0.248,44.3,1.7
1765,,1766,2.2,0.423,6.3,9.8
1766,,1767,0.36,0.12,0.811,20.2
1767,,1768,3.8,-0.029,44.2,2.4
1768,,1769,8.1,-0.113,7.1,7.7
1769,,1770,10.3,0.309,5.3,5.8
1770,,1771,1.7,0.306,28.8,3.3
1771,,1772,2.4,0.378,8.4,10.8
1772,,1773,0.132,1.0,0.292,0.732
1773,,1774,0.267,0.12,1.2,20.0
1774,,1775,10.7,0.224,7.1,6.6
1775,,1776,1.4,0.609,13.2,4.1
1776,,1777,1.4,0.189,43.3,1.7
1777,,1778,5.5,0.318,6.5,8.5
1778,,1779,3.1,0.345,23.8,3.3
1779,,1780,1.9,0.794,8.6,6.3
1780,,1781,0.728,0.083,42.9,0.961
1781,,1782,8.6,0.353,5.0,2.2
1782,,1783,2.3,0.281,1.7,16.1
1783,,1784,2.7,0.45,17.1,3.7
1784,,1785,14.6,0.076,5.2,1.9
1785,,1786,1.6,0.146,41.7,2.2
1786,,1787,1.9,0.494,8.5,8.4
1787,,1788,14.5,0.054,1.5,1.4
1788,,1789,0.665,0.11,41.7,1.0
1789,,1790,2.3,0.444,3.1,9.1
1790,,1791,14.5,0.248,5.1,4.2
1791,,1792,1.9,1.0,6.7,4.7
1792,,1793,2.5,0.487,8.1,8.4
1793,,1794,7.4,0.202,6.0,8.1
1794,,1795,0.885,0.627,10.6,6.4
1795,,1796,3.2,0.193,21.8,7.4
1796,,1797,1.0,0.999,1.5,0.072
1797,,1798,1.7,0.415,2.9,9.6
1798,,1799,0.847,0.997,5.3,4.9
1799,,1800,1.8,0.252,12.5,12.1
1800,,1801,1.2,0.143,40.4,1.1
1801,,1802,5.6,0.428,4.2,6.5
1802,,1803,2.1,0.499,15.0,1.5
1803,,1804,0.645,0.468,6.9,8.6
1804,,1805,2.9,0.332,7.3,11.9
1805,,1806,0.627,0.125,40.0,1.1
1806,,1807,2.4,0.27,34.8,4.7
1807,,1808,5.7,0.393,7.7,6.8
1808,,1809,2.0,-0.584,4.8,18.7
1809,,1810,7.4,0.187,4.2,8.0
1810,,1811,1.3,0.109,39.2,1.5
1811,,1812,1.1,0.441,2.3,8.9
1812,,1813,3.7,0.113,13.7,10.6
1813,,1814,2.5,0.472,4.3,8.4
1814,,1815,1.7,0.247,39.2,3.5
1815,,1816,8.7,0.241,12.7,5.3
1816,,1817,4.6,0.648,9.9,4.0
1817,,1818,3.9,0.409,7.7,9.5
1818,,1819,1.6,0.325,24.1,3.7
1819,,1820,11.6,0.145,4.4,6.0
1820,,1821,1.9,0.217,38.7,4.2
1821,,1822,8.4,-4.2,13.0,5.6
1822,,1823,7.2,0.397,8.3,3.3
1823,,1824,6.7,0.196,15.9,4.5
1824,,1825,0.609,0.106,38.0,0.952
1825,,1826,1.8,0.114,37.9,0.799
1826,,1827,0.732,0.124,37.9,3.0
1827,,1828,3.5,-0.552,37.8,1.0
1828,,1829,9.4,0.255,3.8,6.7
1829,,1830,3.9,0.594,5.1,7.0
1830,,1831,9.0,-0.166,12.0,2.1
1831,,1832,4.4,-5.2,28.4,0.941
1832,,1833,6.2,-0.037,17.2,4.4
1833,,1834,13.3,0.175,5.7,2.6
1834,,1835,7.4,0.381,6.8,5.1
1835,,1836,13.2,0.249,5.9,1.4
1836,,1837,3.7,0.4,5.0,9.5
1837,,1838,4.4,0.46,7.2,7.3
1838,,1839,2.9,0.374,19.5,3.3
1839,,1840,13.1,0.151,8.6,2.2
1840,,1841,0.607,0.136,36.5,1.1
1841,,1842,2.7,0.473,2.4,8.0
1842,,1843,1.7,0.077,35.8,3.4
1843,,1844,4.4,0.307,6.9,10.4
1844,,1845,3.2,-0.11,35.7,0.838
1845,,1846,6.1,0.321,4.4,7.1
1846,,1847,0.401,0.645,11.5,5.4
1847,,1848,6.7,0.01,15.5,3.0
1848,,1849,2.8,0.894,3.8,5.5
1849,,1850,2.9,-0.443,35.7,0.905
1850,,1851,1.0,0.15,12.7,11.0
1851,,1852,1.5,0.204,35.6,3.0
1852,,1853,0.212,0.029,35.6,0.514
1853,,1854,3.2,-0.077,35.5,0.98
1854,,1855,5.8,0.075,18.1,0.754
1855,,1856,12.8,-0.115,6.1,4.9
1856,,1857,10.8,0.279,5.7,3.1
1857,,1858,1.4,0.284,28.0,3.4
1858,,1859,3.2,0.022,34.9,0.769
1859,,1860,0.186,0.88,1.5,1.4
1860,,1861,12.5,0.084,5.6,4.0
1861,,1862,12.5,0.001,9.3,1.8
1862,,1863,5.1,0.331,7.0,8.1
1863,,1864,10.2,0.267,6.9,6.0
1864,,1865,0.45,0.196,6.1,16.9
1865,,1866,1.8,0.465,14.9,3.8
1866,,1867,0.741,0.353,20.1,3.4
1867,,1868,4.3,0.266,26.1,4.9
1868,,1869,7.4,0.365,7.6,1.7
1869,,1870,3.5,0.588,7.6,6.8
1870,,1871,1.5,0.284,27.6,2.7
1871,,1872,8.9,0.058,11.5,4.2
1872,,1873,0.62,0.189,34.3,3.6
1873,,1874,4.2,0.424,7.7,8.0
1874,,1875,2.7,-0.057,19.5,7.4
1875,,1876,4.8,0.351,5.8,8.0
1876,,1877,1.5,0.163,34.2,2.8
1877,,1878,8.5,0.212,10.6,6.2
1878,,1879,0.973,0.365,7.1,9.8
1879,,1880,2.8,0.422,16.2,5.0
1880,,1881,3.6,0.372,2.9,9.6
1881,,1882,1.1,0.42,3.7,8.8
1882,,1883,1.6,-0.0408,3.2,16.6
1883,,1884,9.5,-0.024,11.1,2.0
1884,,1885,6.5,0.058,15.5,1.5
1885,,1886,4.2,0.306,7.1,10.9
1886,,1887,1.1,0.066,33.6,0.732
1887,,1888,5.0,0.315,6.5,8.6
1888,,1889,1.1,0.212,11.6,11.6
1889,,1890,2.1,0.396,1.3,9.1
1890,,1891,7.0,0.381,7.7,4.5
1891,,1892,0.011,-0.736,33.3,1.7
1892,,1893,7.0,0.24,9.1,7.6
1893,,1894,8.6,0.304,7.4,5.8
1894,,1895,1.5,0.535,5.4,7.1
1895,,1896,1.2,0.12,33.1,1.5
1896,,1897,6.1,0.433,7.6,5.5
1897,,1898,0.246,0.83,5.5,2.7
1898,,1899,1.5,0.226,33.0,3.9
1899,,1900,7.1,0.367,5.5,4.9
1900,,1901,1.5,0.23,33.0,5.0
1901,,1902,1.5,0.389,4.8,9.2
1902,,1903,11.8,0.199,5.6,1.6
1903,,1904,3.1,0.094,7.1,16.0
1904,,1905,1.0,0.422,3.9,8.6
1905,,1906,3.2,0.372,10.6,8.4
1906,,1907,3.8,0.403,5.2,9.0
1907,,1908,2.0,0.127,32.7,2.1
1908,,1909,11.7,0.089,1.3,1.0
1909,,1910,11.4,0.259,5.7,4.4
1910,,1911,3.7,0.11,32.5,2.5
1911,,1912,0.893,0.819,5.9,3.0
1912,,1913,1.2,0.058,32.1,3.1
1913,,1914,1.0,0.0,0.001,15.6
1914,,1915,11.6,0.222,2.1,2.7
1915,,1916,0.4,0.049,32.0,0.669
1916,,1917,3.5,0.477,5.0,7.5
1917,,1918,0.585,0.148,31.7,2.3
1918,,1919,1.1,0.474,9.2,7.5
1919,,1920,1.1,0.806,8.5,3.4
1920,,1921,11.5,0.049,8.9,3.1
1921,,1922,4.5,0.226,24.4,2.1
1922,,1923,1.4,0.503,5.2,7.2
1923,,1924,1.3,0.805,2.6,4.5
1924,,1925,11.5,0.183,9.3,2.7
1925,,1926,8.5,0.31,9.3,4.1
1926,,1927,1.7,0.758,9.7,4.9
1927,,1928,0.605,0.234,31.3,0.809
1928,,1929,1.4,-0.195,15.6,8.5
1929,,1930,1.1,-0.642,4.0,15.2
1930,,1931,5.9,-0.656,16.2,4.3
1931,,1932,1.1,0.289,24.8,2.2
1932,,1933,1.1,0.084,31.1,0.703
1933,,1934,1.7,0.408,13.7,6.3
1934,,1935,2.4,0.254,4.5,15.1
1935,,1936,1.3,0.241,30.9,2.4
1936,,1937,2.8,0.115,30.8,2.0
1937,,1938,11.3,0.108,4.6,4.5
1938,,1939,0.561,0.066,30.8,0.734
1939,,1940,3.0,0.085,30.7,0.616
1940,,1941,10.3,-0.44,9.2,5.9
1941,,1942,3.1,0.47,12.2,6.1
1942,,1943,1.0,0.281,25.2,2.6
1943,,1944,1.9,0.208,30.2,3.5
1944,,1945,11.1,0.223,6.4,5.6
1945,,1946,11.1,0.017,9.0,1.6
1946,,1947,5.4,0.404,6.0,6.3
1947,,1948,1.7,0.183,30.1,1.1
1948,,1949,1.3,0.247,30.1,5.0
1949,,1950,5.4,0.253,9.4,9.2
1950,,1951,6.1,-3.2,12.4,6.5
1951,,1952,1.2,0.761,9.2,2.1
1952,,1953,6.1,0.222,3.9,8.3
1953,,1954,1.6,0.076,7.4,14.7
1954,,1955,4.3,-0.497,3.3,12.7
1955,,1956,11.0,-0.392,9.4,1.5
1956,,1957,4.2,0.318,6.4,9.7
1957,,1958,6.4,-2.4,10.7,7.0
1958,,1959,2.6,0.346,11.5,7.7
1959,,1960,10.9,0.141,4.5,1.4
1960,,1961,2.3,0.338,1.5,9.7
1961,,1962,0.326,0.231,2.0,14.5
1962,,1963,1.2,0.198,29.3,3.6
1963,,1964,1.4,-0.154,29.2,1.2
1964,,1965,1.8,0.497,12.4,5.7
1965,,1966,3.8,0.214,10.7,11.9
1966,,1967,1.2,0.272,25.6,5.6
1967,,1968,1.4,-0.452,2.0,14.3
1968,,1969,4.5,-0.647,12.3,8.5
1969,,1970,10.8,0.02,6.0,4.4
1970,,1971,0.244,0.736,4.3,1.2
1971,,1972,10.6,-0.261,9.6,4.7
1972,,1973,0.868,0.244,28.8,2.6
1973,,1974,1.3,0.736,4.3,4.3
1974,,1975,8.5,-0.322,11.0,4.1
1975,,1976,1.4,0.227,28.7,4.3
1976,,1977,6.0,0.408,5.8,5.2
1977,,1978,10.7,-0.313,7.8,3.1
1978,,1979,6.3,0.384,4.7,5.4
1979,,1980,2.0,0.37,2.4,8.9
1980,,1981,4.2,0.341,4.2,8.8
1981,,1982,10.7,0.212,4.3,5.1
1982,,1983,3.7,0.407,15.3,5.1
1983,,1984,0.427,0.097,28.3,0.721
1984,,1985,8.9,0.28,8.8,4.3
1985,,1986,10.6,0.151,4.0,1.8
1986,,1987,3.4,0.575,10.9,4.5
1987,,1988,1.2,0.217,28.1,3.9
1988,,1989,6.8,0.221,5.8,7.3
1989,,1990,10.6,0.249,5.4,4.4
1990,,1991,0.522,0.062,28.0,0.739
1991,,1992,2.0,0.643,6.0,6.0
1992,,1993,8.4,-0.047,6.8,6.4
1993,,1994,3.8,-0.024,13.6,9.0
1994,,1995,10.6,0.249,4.5,3.1
1995,,1996,0.555,0.131,27.9,1.7
1996,,1997,0.63,0.639,10.2,3.8
1997,,1998,2.3,0.316,4.4,10.1
1998,,1999,0.523,0.071,27.9,0.595
1999,,2000,4.2,0.469,3.6,6.7
